,mean,sd,hdi_3%,hdi_97%,r_hat
beta,0.1943,0.01669,0.16384,0.22492,1.00086
gamma,0.07801,0.01607,0.04944,0.1082,1.00076
rho,0.03677,0.00969,0.01861,0.05503,1.00225
i0,12487.51848,5000.8573,5844.39379,20646.80849,1.00278
R0,1.71919,0.18975,1.38323,2.0656,1.0022
