,mean,sd,hdi_3%,hdi_97%,r_hat
beta,0.22916,0.02781,0.18728,0.28007,1.00758
gamma,0.11337,0.029,0.06799,0.16485,1.00717
rho,0.04166,0.00869,0.02485,0.05784,1.00742
i0,5914.263,78.23495,5772.0,6065.0,1.00393
R0,51.27261,7.25466,38.97686,64.62328,1.00467
