,mean,sd,hdi_3%,hdi_97%,r_hat
beta,0.31064,0.01787,0.27871,0.34582,1.00797
gamma,0.07381,0.01535,0.0476,0.10398,1.00739
rho,0.03624,0.00766,0.02293,0.05076,1.00405
i0,719.52653,162.17448,424.89051,1017.48752,1.00446
R0,2.86593,0.29305,2.35652,3.45503,1.00781
