,mean,sd,hdi_3%,hdi_97%,r_hat
beta,0.2698,0.02652,0.22274,0.32078,1.00164
gamma,0.08049,0.02468,0.03984,0.12771,1.00205
rho,0.03759,0.00972,0.01943,0.05548,1.00162
i0,10938.16517,4377.34958,5705.93411,17381.08328,1.00197
R0,2.3467,0.29628,1.82769,2.90565,1.00066
