,mean,sd,hdi_3%,hdi_97%,r_hat
beta,0.29243,0.02556,0.24788,0.34032,1.00095
gamma,0.07522,0.02257,0.03842,0.11943,1.00238
rho,0.03885,0.01167,0.01955,0.06052,1.0023
i0,2712.33512,825.51965,1383.67683,4288.33743,1.00239
R0,2.6413,0.36915,1.96613,3.31492,1.00053
