,mean,sd,hdi_3%,hdi_97%,r_hat
beta,0.32457,0.02576,0.27925,0.3708,1.0033
gamma,0.07418,0.02221,0.03793,0.11583,1.00207
rho,0.03916,0.01157,0.01937,0.06108,1.00202
i0,760.51802,232.66138,391.64013,1190.63518,1.00196
R0,2.95873,0.44597,2.20596,3.79409,1.00413
