,mean,sd,hdi_3%,hdi_97%,r_hat
β,0.3238,0.01819,0.28976,0.35616,1.00029
γ,0.07146,0.00722,0.0586,0.08557,1.00197
ρ,0.05205,0.01553,0.02592,0.08129,1.00083
i0,524.21474,162.51147,254.6345,825.03995,0.99976
R0,2.651,0.22493,2.23808,3.07448,1.00074
