,mean,sd,hdi_3%,hdi_97%,r_hat
beta,0.32947,0.01133,0.30914,0.35136,1.00193
gamma,0.07215,0.00719,0.05819,0.08544,1.00067
rho,0.03454,0.00347,0.02807,0.0409,1.00096
R0,3.10009,0.17618,2.77563,3.42259,1.00227
