,mean,sd,hdi_3%,hdi_97%,r_hat
beta,0.26307,0.02916,0.2123,0.31982,1.00122
gamma,0.0809,0.02454,0.03803,0.12565,1.0008
rho,0.03819,0.00952,0.02142,0.05752,1.00141
i0,20297.8236,8903.66971,7301.41028,36288.94824,1.00331
R0,2.26867,0.3131,1.72158,2.84767,1.00003
