,mean,sd,hdi_3%,hdi_97%,r_hat
beta,0.51485,0.08287,0.35589,0.65748,1.4142
gamma,0.41237,0.08425,0.25051,0.56055,1.40664
rho,0.04382,0.00798,0.02916,0.0598,1.4437
i0,6733.9568,82.96246,6591.0,6893.0,1.03281
R0,1.25934,0.05742,1.15565,1.37105,1.3923
