,mean,sd,hdi_3%,hdi_97%,r_hat
beta,0.40184,0.18749,0.21864,0.65048,1.92727
gamma,0.07709,0.01889,0.04107,0.11516,1.90578
rho,0.17923,0.17238,0.02539,0.40998,1.90868
i0,1138.01949,952.34493,103.20668,2595.99553,1.90282
R0,1.8604,0.46354,1.33667,2.56385,1.90323
