,mean,sd,hdi_3%,hdi_97%,r_hat
β,0.23514,0.01794,0.20448,0.27135,1.00071
γ,0.07183,0.00705,0.05899,0.08533,1.00278
ρ,0.05291,0.01628,0.02587,0.08442,1.00179
i0,81577.84042,26092.79611,38192.72211,129888.7617,1.00183
R0,1.90292,0.13447,1.65317,2.15674,1.00023
