,mean,sd,hdi_3%,hdi_97%,r_hat
beta,0.12194,0.01796,0.09749,0.15641,1.00276
gamma,0.02614,0.01751,0.00498,0.05796,1.00265
rho,0.04805,0.00945,0.03058,0.06632,1.00172
i0,6741.1144,83.7927,6583.0,6890.0,1.00201
R0,1.71434,0.35376,1.16372,2.36283,1.00176
