,mean,sd,hdi_3%,hdi_97%,r_hat
beta,0.14844,0.01927,0.12288,0.18216,1.00311
gamma,0.02734,0.01874,0.00644,0.06138,1.00323
rho,0.05324,0.0062,0.04159,0.06423,1.00261
i0,6739.7648,78.44429,6587.0,6881.0,1.00295
R0,1.89298,0.26599,1.4214,2.40003,1.00322
