,mean,sd,hdi_3%,hdi_97%,r_hat
beta,1.14505,0.13222,0.95563,1.49526,1.9416
gamma,1.11129,0.13125,0.9201,1.45575,1.92749
rho,0.04963,0.00716,0.03289,0.05937,1.37375
i0,6733.8874,78.83663,6586.0,6879.0,1.03603
R0,1.03073,0.00426,1.0264,1.03846,1.37378
