,mean,sd,hdi_3%,hdi_97%,r_hat
beta,0.52818,0.10561,0.37194,0.73313,1.00703
gamma,0.4259,0.10682,0.26731,0.63338,1.00711
rho,0.04323,0.00906,0.02625,0.05993,1.0061
i0,6734.3948,81.35272,6582.0,6885.0,1.00465
R0,1.25433,0.06145,1.14721,1.37356,1.0069
