,mean,sd,hdi_3%,hdi_97%,r_hat
β,0.17954,0.01871,0.14849,0.21754,1.0041
γ,0.07209,0.00715,0.05809,0.08484,1.00201
ρ,0.05471,0.01615,0.02629,0.08497,1.00229
i0,14131.42703,4382.79265,6879.65473,22131.75483,1.00256
R0,1.42388,0.08565,1.26515,1.58369,1.00147
