,mean,sd,hdi_3%,hdi_97%,r_hat
beta,0.31389,0.02626,0.27034,0.365,1.00073
gamma,0.07483,0.023,0.0371,0.11759,1.0009
rho,0.03902,0.01187,0.02033,0.06173,1.00178
i0,838.63185,253.2027,402.06129,1308.11966,1.00183
R0,2.8469,0.41433,2.12226,3.6317,1.00096
