,mean,sd,hdi_3%,hdi_97%,r_hat
beta,0.31999,0.05103,0.23848,0.41544,1.0055
gamma,0.21064,0.05273,0.12519,0.31191,1.00507
rho,0.04318,0.00887,0.02722,0.06053,1.00608
i0,6733.3244,81.94377,6582.0,6886.0,1.00562
R0,1.55198,0.14356,1.29799,1.82426,1.00417
