,mean,sd,hdi_3%,hdi_97%,r_hat
beta,0.13745,0.01676,0.10918,0.17029,1.00267
gamma,0.083,0.01634,0.05435,0.11395,1.00256
rho,0.03705,0.00966,0.01873,0.05414,1.00211
i0,87694.68825,30413.88377,43856.07587,142876.73219,1.00193
R0,1.15611,0.10845,0.96033,1.35629,1.00199
