,mean,sd,hdi_3%,hdi_97%,r_hat
beta,0.54815,0.12221,0.34905,0.74956,1.00927
gamma,0.50643,0.12334,0.30428,0.71148,1.00919
rho,0.04483,0.00892,0.02841,0.0619,1.00803
i0,5914.656,79.64679,5761.0,6060.0,1.00634
R0,25.2457,5.23477,17.00072,34.24123,1.00757
