,mean,sd,hdi_3%,hdi_97%,r_hat
beta,0.27221,0.02638,0.22465,0.31886,1.00116
gamma,0.08092,0.02497,0.03957,0.12756,1.00201
rho,0.03667,0.00751,0.02405,0.05112,1.00092
i0,1625.10726,354.49572,1010.62111,2311.5292,1.00081
R0,2.37789,0.30173,1.84288,2.96016,1.00107
