,mean,sd,hdi_3%,hdi_97%,r_hat
β,0.22865,0.02019,0.19096,0.26468,1.0031
γ,0.12609,0.01276,0.10379,0.15059,1.00302
ρ,0.04957,0.01489,0.02503,0.07821,1.00208
i0,15657.89228,4890.70356,7264.48735,24472.51229,1.00195
R0,1.3055,0.0566,1.20484,1.41238,1.00088
