,mean,sd,hdi_3%,hdi_97%,r_hat
beta,0.22903,0.02795,0.18681,0.28578,1.00462
gamma,0.11304,0.0293,0.06661,0.17138,1.0047
rho,0.04161,0.00868,0.02386,0.0566,1.00421
i0,5918.7404,75.37589,5787.0,6068.0,1.00377
R0,1.48623,0.07055,1.36035,1.62184,1.00125
