,mean,sd,hdi_3%,hdi_97%,r_hat
beta,1.06844,0.10306,0.82909,1.25942,1.75421
gamma,1.0355,0.10292,0.79683,1.22564,1.73563
rho,0.05425,0.0062,0.0392,0.06404,1.47297
i0,6713.7396,86.32424,6557.0,6879.0,1.11636
R0,1.03214,0.00424,1.02643,1.0408,1.56984
