,mean,sd,hdi_3%,hdi_97%,r_hat
β,0.16703,0.01826,0.13519,0.20197,1.00104
γ,0.07649,0.01528,0.04785,0.10434,1.00187
ρ,0.03673,0.00749,0.02356,0.05066,1.0015
i0,20014.35314,4351.81717,12666.12749,28425.74256,1.00076
R0,1.48577,0.10068,1.31021,1.67291,1.00042
