,mean,sd,hdi_3%,hdi_97%,r_hat
beta,0.23486,0.02616,0.18872,0.28312,1.00174
gamma,0.07535,0.02283,0.03667,0.11687,1.00162
rho,0.03933,0.01199,0.01915,0.06134,1.00249
i0,4290.7244,1358.11829,2136.17532,6845.99851,1.00219
R0,2.10033,0.24762,1.65953,2.56553,1.00162
