,mean,sd,hdi_3%,hdi_97%,r_hat
beta,0.32578,0.0383,0.25566,0.39545,1.00204
gamma,0.07877,0.02413,0.03699,0.12235,1.00161
rho,0.03629,0.00727,0.02372,0.04987,1.00125
i0,938.29441,262.87497,465.04229,1447.39337,1.00086
R0,2.91928,0.50292,2.07103,3.8502,1.00143
