,mean,sd,hdi_3%,hdi_97%,r_hat
beta,0.28131,0.02628,0.23571,0.33057,1.00337
gamma,0.07583,0.02319,0.0367,0.11799,1.00339
rho,0.03892,0.01197,0.01871,0.06013,1.00312
i0,1437.38284,438.76527,732.1586,2314.24979,1.00313
R0,2.52513,0.34514,1.92642,3.16879,1.00341
