,mean,sd,hdi_3%,hdi_97%,r_hat
β,0.37354,0.01989,0.33657,0.4106,1.00459
γ,0.12496,0.01239,0.10312,0.1501,0.99993
ρ,0.04826,0.01494,0.02259,0.07594,1.00235
i0,568.61324,182.53584,275.6178,900.93137,1.00215
R0,2.16998,0.13137,1.93309,2.4327,1.00096
