,mean,sd,hdi_3%,hdi_97%,r_hat
beta,0.8796,0.1661,0.5891,1.20027,1.02609
gamma,0.84084,0.16725,0.5503,1.16881,1.02541
rho,0.04592,0.00827,0.03123,0.0619,1.0204
i0,6733.5258,84.44916,6575.0,6888.0,1.01211
R0,1.04825,0.01199,1.02778,1.06971,1.01574
