,mean,sd,hdi_3%,hdi_97%,r_hat
beta,0.25114,0.02747,0.1997,0.29939,1.0025
gamma,0.13751,0.02684,0.08931,0.18746,1.00356
rho,0.04487,0.00964,0.02693,0.06297,1.00499
i0,6740.1296,80.10221,6592.0,6896.0,1.00521
R0,1.39174,0.13056,1.17806,1.64062,1.00273
