,mean,sd,hdi_3%,hdi_97%,r_hat
beta,0.71597,0.06385,0.63315,0.80554,3.88218
gamma,0.6973,0.06218,0.61686,0.78472,3.89249
rho,0.05719,0.00757,0.047,0.06823,3.43706
i0,6764.0062,72.52525,6617.0,6888.0,1.10499
R0,1.02678,0.0004,1.02637,1.02751,1.02586
