,mean,sd,hdi_3%,hdi_97%,r_hat
beta,0.32398,0.02981,0.27016,0.38014,1.00136
gamma,0.13198,0.02622,0.08318,0.17889,1.00162
rho,0.04434,0.00998,0.02656,0.06424,1.00152
i0,6735.4332,82.20117,6581.0,6885.0,1.00464
R0,1.86717,0.23437,1.46461,2.3177,1.00037
