,mean,sd,hdi_3%,hdi_97%,r_hat
beta,0.77336,0.04858,0.70587,0.87229,2.64713
gamma,0.7526,0.048,0.68566,0.84965,2.64801
rho,0.05539,0.00408,0.0476,0.06146,2.5865
i0,6727.6608,58.27675,6625.0,6829.0,1.41532
R0,1.02765,0.00135,1.02638,1.02984,1.5462
