,mean,sd,hdi_3%,hdi_97%,r_hat
beta,0.41723,0.10331,0.24724,0.6124,1.01194
gamma,0.09155,0.06714,0.00542,0.21458,1.01527
rho,0.0483,0.025,0.01228,0.09474,1.00626
i0,62.83048,49.71771,1.47536,152.95352,1.0072
R0,3.55159,1.70245,1.52615,6.37795,1.00947
