,mean,sd,hdi_3%,hdi_97%,r_hat
beta,0.31129,0.02658,0.26438,0.36252,1.00078
gamma,0.07631,0.02373,0.03545,0.12071,1.00117
rho,0.03924,0.01194,0.01946,0.06144,1.00377
i0,140.51624,43.67371,67.36241,222.71529,1.00377
R0,2.78031,0.39965,2.05239,3.52288,1.00083
