,mean,sd,hdi_3%,hdi_97%,r_hat
beta,0.30913,0.0714,0.20276,0.43211,1.01007
gamma,0.0955,0.06823,0.00832,0.20991,1.0076
rho,0.04971,0.02325,0.01619,0.09577,1.0044
i0,214.44931,125.71566,51.69797,432.99391,1.00686
R0,2.37461,0.62281,1.41166,3.49685,1.00737
