,mean,sd,hdi_3%,hdi_97%,r_hat
beta,0.33359,0.07458,0.2198,0.47082,1.00847
gamma,0.09857,0.06924,0.01156,0.22223,1.01187
rho,0.05143,0.02628,0.01365,0.09843,1.00297
i0,145.6983,89.2054,30.07287,302.36847,1.00294
R0,2.50883,0.74501,1.3763,3.90589,1.00687
