,mean,sd,hdi_3%,hdi_97%,r_hat
beta,0.3597,0.02671,0.31255,0.41006,1.0029
gamma,0.07537,0.02363,0.03492,0.11857,1.00225
rho,0.03889,0.01188,0.01959,0.06159,1.00147
i0,83.11686,25.92878,40.14824,131.18202,1.00184
R0,3.26148,0.52495,2.39542,4.30426,1.00288
