,mean,sd,hdi_3%,hdi_97%,r_hat
beta,0.35224,0.02715,0.30239,0.40366,1.00252
gamma,0.07161,0.021,0.03696,0.11233,1.0028
rho,0.03814,0.01156,0.01789,0.05947,1.00301
i0,72.69883,25.34465,29.3326,119.57832,1.00385
R0,3.31527,0.5194,2.39901,4.2854,1.00236
