,mean,sd,hdi_3%,hdi_97%,r_hat
beta,0.17964,0.00838,0.16514,0.19406,1.00317
gamma,0.02512,0.00844,0.01305,0.04001,1.00388
rho,0.03556,0.00902,0.01844,0.05238,1.0033
i0,1760.7458,40.42347,1681.0,1831.0,1.00804
R0,221.86779,41.4358,147.65439,297.67068,1.00474
