,mean,sd,hdi_3%,hdi_97%,r_hat
beta,0.26248,0.05386,0.1759,0.35862,1.01321
gamma,0.23219,0.05525,0.14588,0.33486,1.01313
rho,0.04438,0.00856,0.02911,0.06078,1.01043
i0,8314.1888,90.25673,8137.0,8467.0,1.01597
R0,1.13869,0.04126,1.06592,1.21658,1.00935
