,mean,sd,hdi_3%,hdi_97%,r_hat
β,0.32922,0.01524,0.30205,0.35777,1.00201
γ,0.0712,0.00717,0.05836,0.08498,1.0011
ρ,0.0166,0.00508,0.00819,0.02612,1.00128
i0,169.36761,58.97513,73.71651,282.00145,1.00223
R0,3.77732,0.31206,3.20986,4.36641,1.00204
