,mean,sd,hdi_3%,hdi_97%,r_hat
beta,0.13544,0.01728,0.10203,0.1658,1.00065
gamma,0.0841,0.017,0.05238,0.1144,1.00096
rho,0.03675,0.0096,0.01835,0.0539,1.00338
i0,18861.9836,7592.96171,8418.92301,31356.2287,1.00469
R0,1.13051,0.1015,0.94913,1.31955,1.00297
