,mean,sd,hdi_3%,hdi_97%,r_hat
beta,0.33558,0.02633,0.28834,0.38373,1.0048
gamma,0.07427,0.02284,0.03558,0.11653,1.00388
rho,0.03844,0.01152,0.01796,0.05868,1.00281
i0,345.16626,104.49005,168.79391,542.84908,1.00297
R0,3.07743,0.47617,2.23291,3.95196,1.00328
