,mean,sd,hdi_3%,hdi_97%,r_hat
beta,0.18865,0.03036,0.13447,0.24748,1.00112
gamma,0.07279,0.02251,0.03326,0.11314,1.00236
rho,0.03832,0.01165,0.01972,0.06152,1.00044
i0,4223.45447,1478.84572,1832.13225,6974.87797,1.00021
R0,1.73408,0.23573,1.30576,2.18139,1.00114
