,mean,sd,hdi_3%,hdi_97%,r_hat
beta,0.15315,0.01936,0.12429,0.18776,1.00375
gamma,0.02705,0.01836,0.00527,0.06008,1.00352
rho,0.00793,0.00145,0.0054,0.01079,1.00329
i0,8298.3354,90.36799,8134.0,8472.0,1.00141
R0,5.14241,1.76691,2.1673,8.37517,1.00192
