,mean,sd,hdi_3%,hdi_97%,r_hat
beta,0.17833,0.01581,0.15488,0.20614,1.00292
gamma,0.05849,0.01695,0.03312,0.0881,1.00291
rho,0.03948,0.00896,0.0229,0.05638,1.00411
i0,8306.3788,86.40518,8149.0,8473.0,1.00525
R0,3.20869,0.61717,2.08837,4.35857,1.00313
