,mean,sd,hdi_3%,hdi_97%,r_hat
beta,0.31567,0.02546,0.2726,0.36587,1.00252
gamma,0.07498,0.02257,0.03483,0.11517,1.0019
rho,0.03859,0.01166,0.01822,0.0593,1.0033
i0,159.65635,48.43624,80.16748,252.07317,1.00307
R0,2.86695,0.41778,2.12183,3.61123,1.0024
