,mean,sd,hdi_3%,hdi_97%,r_hat
beta,0.19616,0.04037,0.13309,0.26925,1.00336
gamma,0.15932,0.04201,0.09307,0.23645,1.00323
rho,0.04362,0.00892,0.02851,0.06185,1.00261
i0,8303.6312,89.64068,8121.0,8462.0,1.01015
R0,1.2486,0.07723,1.1157,1.38963,1.00192
