,mean,sd,hdi_3%,hdi_97%,r_hat
beta,0.42401,0.0848,0.27848,0.59066,1.00025
gamma,0.07609,0.02342,0.03678,0.11981,0.99985
rho,0.03576,0.00704,0.02315,0.04911,1.00052
i0,66.68854,39.74437,5.11103,135.77686,1.00029
R0,3.92785,1.0356,2.21465,5.78761,1.0014
