,mean,sd,hdi_3%,hdi_97%,r_hat
beta,0.20906,0.01687,0.18084,0.24214,1.00624
gamma,0.07732,0.01583,0.04857,0.10652,1.00561
rho,0.03711,0.00961,0.01928,0.05518,1.00149
i0,1612.68645,640.96093,719.79963,2709.94753,1.00334
R0,1.85757,0.21651,1.50178,2.2672,1.00175
