,mean,sd,hdi_3%,hdi_97%,r_hat
beta,0.17801,0.01487,0.15413,0.20503,1.00536
gamma,0.05818,0.01582,0.03231,0.08759,1.00335
rho,0.03953,0.00883,0.02276,0.05578,1.00495
i0,8303.23,88.00697,8142.0,8470.0,1.00253
R0,3.20823,0.6044,2.06236,4.28328,1.00249
