,mean,sd,hdi_3%,hdi_97%,r_hat
β,0.17254,0.01824,0.14015,0.20917,1.00231
γ,0.07157,0.00709,0.0587,0.08504,1.00094
ρ,0.01686,0.00532,0.00801,0.02648,1.00219
i0,8307.1458,2921.98751,3485.88695,13690.35265,1.00286
R0,1.96138,0.2134,1.5644,2.36379,1.00061
