,mean,sd,hdi_3%,hdi_97%,r_hat
beta,0.15546,0.00927,0.14019,0.17257,1.00393
gamma,0.03075,0.0097,0.01556,0.04859,1.00144
rho,0.03648,0.0092,0.01929,0.05315,1.00282
i0,8303.0516,92.18455,8127.0,8469.0,1.00305
R0,5.45193,1.41115,3.09353,8.16054,1.00085
