,mean,sd,hdi_3%,hdi_97%,r_hat
β,0.21529,0.01971,0.17597,0.25113,0.99997
γ,0.1257,0.01236,0.10179,0.14748,0.99984
ρ,0.00239,0.00072,0.00116,0.0037,1.00068
i0,57564.33459,20173.27764,24275.61296,95043.82902,1.00161
R0,1.68706,0.13794,1.42904,1.93848,1.00132
