,mean,sd,hdi_3%,hdi_97%,r_hat
beta,0.25187,0.0281,0.20172,0.30281,1.00098
gamma,0.08275,0.02651,0.03796,0.13036,1.00097
rho,0.03807,0.00945,0.02151,0.05664,1.00066
i0,3053.94006,1146.70396,1529.38218,4848.35188,1.00091
R0,2.13988,0.26085,1.69293,2.64144,1.00068
