,mean,sd,hdi_3%,hdi_97%,r_hat
β,0.32921,0.01511,0.30106,0.35801,1.00134
γ,0.07112,0.00713,0.0578,0.08434,1.00021
ρ,0.01651,0.00497,0.00843,0.02625,1.00118
i0,170.21875,60.59344,74.07124,281.60206,1.00174
R0,3.78432,0.31337,3.2287,4.3863,1.00129
