,mean,sd,hdi_3%,hdi_97%,r_hat
beta,0.17991,0.00811,0.166,0.19462,1.00527
gamma,0.02537,0.0082,0.01303,0.04148,1.00632
rho,0.03516,0.00902,0.01851,0.05124,1.00505
i0,1762.3374,41.60204,1685.0,1844.0,1.00984
R0,2.99954,0.34058,2.41299,3.66241,1.00069
