,mean,sd,hdi_3%,hdi_97%,r_hat
beta,0.17847,0.01492,0.15453,0.2078,1.01841
gamma,0.05861,0.01618,0.03263,0.08821,1.01851
rho,0.03931,0.00892,0.02206,0.05527,1.01777
i0,8305.7976,88.92509,8144.0,8466.0,1.01167
