,mean,sd,hdi_3%,hdi_97%,r_hat
beta,0.30847,0.02368,0.26967,0.35573,1.00238
gamma,0.07683,0.02329,0.03696,0.12065,1.00236
rho,0.03461,0.00351,0.028,0.04114,1.00174
i0,145.90933,16.00111,116.58463,176.68146,1.00228
R0,2.84405,0.37503,2.13007,3.5155,1.00225
