,mean,sd,hdi_3%,hdi_97%,r_hat
β,0.17188,0.01768,0.13671,0.20349,1.00386
γ,0.07169,0.00715,0.05838,0.08509,1.00148
ρ,0.01663,0.00505,0.00804,0.0256,1.00139
i0,8426.99544,2877.21929,3735.14698,13789.32584,1.00235
R0,1.95658,0.20987,1.59448,2.37267,1.00067
