,mean,sd,hdi_3%,hdi_97%,r_hat
beta,0.21124,0.02274,0.1719,0.25416,1.00126
gamma,0.07697,0.01588,0.05013,0.10829,1.00205
rho,0.04067,0.01363,0.01564,0.06506,1.00149
i0,5774.3497,3530.91747,1160.86201,11513.00098,1.00279
R0,1.83708,0.29987,1.32918,2.40681,1.00051
