,mean,sd,hdi_3%,hdi_97%,r_hat
beta,0.32827,0.02669,0.28246,0.37956,1.00227
gamma,0.0786,0.02358,0.0382,0.12249,1.00275
rho,0.03626,0.00731,0.02336,0.04992,1.00019
i0,132.04955,37.11751,70.48624,202.8196,1.00144
R0,2.94122,0.42228,2.16383,3.70441,1.00288
