,mean,sd,hdi_3%,hdi_97%,r_hat
beta,0.25532,0.0479,0.18028,0.34467,1.00208
gamma,0.20081,0.04947,0.11985,0.29222,1.0017
rho,0.04362,0.00856,0.02755,0.05972,1.004
i0,1764.5334,42.43961,1685.0,1844.0,1.00931
R0,30.54298,5.51562,22.00907,41.18416,1.00217
