,mean,sd,hdi_3%,hdi_97%,r_hat
beta,0.25527,0.02651,0.20729,0.30478,1.00175
gamma,0.07476,0.02245,0.036,0.11642,1.00146
rho,0.03937,0.01194,0.01948,0.06209,1.00216
i0,655.01595,206.97378,292.47288,1026.32641,1.00208
R0,2.30096,0.30435,1.76469,2.85085,1.00142
