,mean,sd,hdi_3%,hdi_97%,r_hat
beta,0.332,0.07797,0.21474,0.46997,1.00203
gamma,0.09526,0.07261,0.00907,0.22106,1.00205
rho,0.05044,0.02528,0.01278,0.09762,1.00076
i0,109.39139,59.75055,28.01621,217.1109,1.00086
R0,2.60269,0.80547,1.43424,4.09814,1.00042
