,mean,sd,hdi_3%,hdi_97%,r_hat
beta,0.25758,0.05456,0.17637,0.35469,1.01022
gamma,0.20303,0.05607,0.11485,0.30101,1.01002
rho,0.04351,0.00892,0.02587,0.0591,1.00858
i0,1762.1712,39.87852,1683.0,1832.0,1.0125
R0,1.04293,0.0381,0.96793,1.10993,1.00323
