,mean,sd,hdi_3%,hdi_97%,r_hat
beta,0.08075,0.01586,0.06098,0.10922,1.00412
gamma,0.02317,0.01553,0.0047,0.05,1.00548
rho,0.05526,0.00735,0.04143,0.06893,1.00267
i0,8311.1608,89.01232,8144.0,8475.0,1.00369
R0,1.04411,0.14505,0.79699,1.31996,1.00339
