,mean,sd,hdi_3%,hdi_97%,r_hat
beta,0.13086,0.02106,0.10348,0.16856,1.0014
gamma,0.02772,0.02036,0.00436,0.06308,1.00206
rho,0.05555,0.00995,0.03811,0.07491,1.00332
i0,8318.4354,90.3396,8134.0,8473.0,1.00403
R0,1.63048,0.3074,1.12894,2.19765,1.00288
