,mean,sd,hdi_3%,hdi_97%,r_hat
beta,0.24179,0.02725,0.19181,0.29095,1.00551
gamma,0.13785,0.02705,0.08733,0.18542,1.00419
rho,0.05443,0.00973,0.03633,0.07346,1.00231
i0,8311.9214,89.85023,8157.0,8487.0,1.00509
R0,1.26804,0.10369,1.07612,1.45592,1.0014
