,mean,sd,hdi_3%,hdi_97%,r_hat
β,0.1353,0.02408,0.08728,0.17448,1.40534
γ,0.0721,0.00713,0.05836,0.08491,1.00408
ρ,0.0283,0.00828,0.01401,0.04338,1.00437
i0,12258.15276,4115.87478,5743.41499,20131.0674,1.02923
R0,1.35334,0.23051,0.94947,1.71331,1.43973
