,mean,sd,hdi_3%,hdi_97%,r_hat
beta,0.28838,0.02886,0.23627,0.34177,1.00296
gamma,0.13414,0.02651,0.0841,0.17985,1.00129
rho,0.05591,0.01049,0.03568,0.07486,1.00222
i0,8311.1916,89.74141,8155.0,8493.0,1.0073
R0,1.53611,0.17135,1.24616,1.86833,1.00148
