,mean,sd,hdi_3%,hdi_97%,r_hat
β,0.19699,0.01951,0.16159,0.23371,1.00111
γ,0.12654,0.01253,0.10485,0.15161,1.00038
ρ,0.02829,0.00856,0.01449,0.04484,1.00124
i0,6809.75619,2258.91867,2877.25922,10772.87257,1.00167
R0,1.27511,0.09044,1.10877,1.44556,1.00094
