,mean,sd,hdi_3%,hdi_97%,r_hat
beta,0.18099,0.02611,0.14201,0.22772,1.00256
gamma,0.03003,0.02371,0.00517,0.07133,1.00214
rho,0.05863,0.01011,0.04055,0.07747,1.00119
i0,8314.2182,92.44451,8130.0,8473.0,1.00425
R0,2.143,0.48414,1.37557,3.03446,1.00165
