,mean,sd,hdi_3%,hdi_97%,r_hat
beta,0.47288,0.08725,0.32443,0.6346,1.03333
gamma,0.43694,0.08736,0.28909,0.59875,1.03328
rho,0.04487,0.00863,0.03027,0.06258,1.03259
i0,8288.3356,96.38486,8102.0,8461.0,1.03565
R0,1.08553,0.01724,1.05675,1.12074,1.03117
