,mean,sd,hdi_3%,hdi_97%,r_hat
β,0.33969,0.03293,0.28083,0.40344,1.00179
γ,0.12512,0.01236,0.10141,0.14764,1.00058
ρ,0.01675,0.00514,0.00843,0.02661,1.00234
i0,117.31653,54.25435,33.71969,220.92273,1.00305
R0,2.40682,0.25552,1.93386,2.85255,1.00042
