,mean,sd,hdi_3%,hdi_97%,r_hat
beta,0.28929,0.0269,0.24389,0.3412,0.99953
gamma,0.07973,0.02419,0.03782,0.12136,1.00319
rho,0.03428,0.00356,0.02818,0.04133,1.00036
i0,7.8466,2.80909,2.74032,12.4422,1.00351
R0,2.60389,0.3488,1.99447,3.26897,1.00187
