,mean,sd,hdi_3%,hdi_97%,r_hat
beta,0.30287,0.03101,0.24801,0.36248,1.00193
gamma,0.07934,0.02503,0.03777,0.12528,1.00019
rho,0.03585,0.00719,0.0229,0.04901,1.00098
i0,42.58631,14.88315,16.63548,70.15591,1.00177
R0,2.71072,0.41644,1.96488,3.47188,1.00128
