,mean,sd,hdi_3%,hdi_97%,r_hat
beta,0.34977,0.04267,0.27325,0.43297,1.0031
gamma,0.07773,0.02403,0.03859,0.12339,1.00302
rho,0.03389,0.00328,0.02773,0.04018,1.00785
i0,2.9135,1.96773,0.2812,6.41888,1.0032
R0,3.23007,0.5763,2.19213,4.31625,1.00532
