,mean,sd,hdi_3%,hdi_97%,r_hat
beta,0.40229,0.07895,0.26617,0.55561,1.00689
gamma,0.07693,0.02326,0.03391,0.11754,1.00345
rho,0.03508,0.00699,0.02295,0.04771,1.00589
i0,24.19376,13.79752,2.02911,49.52052,1.00348
R0,3.71028,0.92604,2.07097,5.40624,1.01378
