,mean,sd,hdi_3%,hdi_97%,r_hat
β,0.32019,0.03757,0.25361,0.38897,1.00098
γ,0.07123,0.00718,0.05836,0.08501,1.00133
ρ,0.01032,0.00306,0.00494,0.01594,1.00029
i0,66.27798,37.43646,9.63355,135.32147,1.00009
R0,3.95423,0.54534,2.94919,4.92647,1.00135
