,mean,sd,hdi_3%,hdi_97%,r_hat
beta,0.2021,0.02731,0.15524,0.25234,1.00524
gamma,0.08796,0.02673,0.04699,0.14116,1.00255
rho,0.03742,0.00775,0.02397,0.05163,1.00264
i0,207.68605,59.2149,98.34388,313.39027,1.00589
R0,1.64049,0.15793,1.37796,1.94149,1.00293
