,mean,sd,hdi_3%,hdi_97%,r_hat
β,0.21596,0.01497,0.18931,0.24469,1.00081
γ,0.07137,0.00707,0.05792,0.08426,1.00088
ρ,0.01029,0.00319,0.00511,0.01612,1.00246
i0,576.61339,210.40481,254.76277,986.53253,1.00174
R0,2.65873,0.22148,2.25844,3.06589,1.00151
