,mean,sd,hdi_3%,hdi_97%,r_hat
beta,0.4052,0.08085,0.26424,0.55496,1.00084
gamma,0.07719,0.02468,0.03633,0.12213,1.0008
rho,0.03495,0.00709,0.02228,0.04818,1.0017
i0,23.53021,13.49942,2.47707,48.0236,1.00027
R0,3.75861,1.01335,2.02676,5.65232,1.00069
