,mean,sd,hdi_3%,hdi_97%,r_hat
beta,0.33973,0.03683,0.27097,0.40789,1.00178
gamma,0.0774,0.02384,0.03839,0.12243,1.00166
rho,0.03391,0.0035,0.02774,0.0407,0.99972
i0,3.10974,1.8554,0.41111,6.53711,1.00155
R0,3.14262,0.51385,2.21629,4.1006,1.00071
