,mean,sd,hdi_3%,hdi_97%,r_hat
beta,0.30129,0.03196,0.24738,0.36384,1.0051
gamma,0.07962,0.02433,0.03918,0.125,1.00622
rho,0.03578,0.00746,0.02338,0.05045,1.00193
i0,43.95695,16.5825,16.61641,75.29597,1.00091
R0,2.68851,0.40412,1.95437,3.41405,1.0037
