,mean,sd,hdi_3%,hdi_97%,r_hat
β,0.18961,0.0128,0.16691,0.21433,1.00138
γ,0.0716,0.007,0.05783,0.08416,1.00049
ρ,0.01036,0.00316,0.00492,0.01621,1.0027
i0,776.95057,281.97032,323.07663,1291.9669,1.00318
R0,2.32481,0.17585,2.01072,2.6642,1.00138
