,mean,sd,hdi_3%,hdi_97%,r_hat
beta,0.32272,0.03943,0.25244,0.39999,1.00609
gamma,0.07989,0.02436,0.03908,0.12672,1.00083
rho,0.03583,0.00712,0.02285,0.04892,1.00813
i0,36.63386,15.10841,12.93764,68.88187,1.00795
R0,2.87446,0.49605,1.97105,3.75303,1.00231
