,mean,sd,hdi_3%,hdi_97%,r_hat
beta,0.27396,0.02937,0.22235,0.33106,1.00159
gamma,0.08171,0.02527,0.04164,0.13024,1.00132
rho,0.03636,0.00734,0.02377,0.05057,1.00033
i0,62.6567,20.45505,26.8562,100.5852,1.00086
R0,2.3835,0.33,1.81808,3.00818,1.00074
