,mean,sd,hdi_3%,hdi_97%,r_hat
β,0.24662,0.01991,0.21063,0.28482,1.00206
γ,0.07126,0.00712,0.05769,0.08435,1.00003
ρ,0.01031,0.00324,0.00491,0.01634,1.00271
i0,155.97426,69.02038,52.51641,294.56581,1.00374
R0,3.04181,0.29993,2.52908,3.62701,1.00086
