,mean,sd,hdi_3%,hdi_97%,r_hat
beta,0.26559,0.02782,0.21721,0.31837,1.00731
gamma,0.08275,0.02598,0.04197,0.13376,1.00848
rho,0.03444,0.00341,0.02808,0.0406,1.0016
i0,14.68241,4.49634,6.916,22.77561,1.00308
R0,2.32839,0.30341,1.81387,2.89393,1.00677
