,mean,sd,hdi_3%,hdi_97%,r_hat
beta,0.24603,0.02767,0.19739,0.29628,1.00255
gamma,0.08323,0.02531,0.04076,0.12947,1.00335
rho,0.03665,0.0076,0.02367,0.05135,1.00008
i0,95.28463,28.0504,45.72135,146.50711,1.00039
R0,2.10095,0.25028,1.65169,2.57449,1.00076
