,mean,sd,hdi_3%,hdi_97%,r_hat
beta,0.23906,0.02616,0.19259,0.28661,1.00073
gamma,0.07486,0.02263,0.03739,0.1172,1.00049
rho,0.03927,0.01193,0.01847,0.06084,1.00153
i0,164.44928,51.12,79.28903,257.21966,1.00151
R0,2.15003,0.2579,1.71016,2.64614,1.00049
