,mean,sd,hdi_3%,hdi_97%,r_hat
beta,0.26792,0.0277,0.21883,0.32082,1.00757
gamma,0.07853,0.02405,0.03904,0.12428,1.00813
rho,0.03624,0.00705,0.02361,0.0491,1.01275
i0,65.37226,20.06722,32.36895,103.17841,1.00744
R0,2.40015,0.33322,1.84988,3.02627,1.00406
