,mean,sd,hdi_3%,hdi_97%,r_hat
β,0.22376,0.0138,0.1994,0.25063,1.00198
γ,0.07124,0.00718,0.05797,0.08458,1.00017
ρ,0.01016,0.00312,0.00504,0.01587,1.0025
i0,217.73463,85.90916,78.2795,378.94947,1.00318
R0,2.76468,0.21794,2.38771,3.20091,1.00058
