,mean,sd,hdi_3%,hdi_97%,r_hat
beta,0.2678,0.02537,0.22644,0.31965,1.00621
gamma,0.07419,0.02216,0.03711,0.11577,1.00539
rho,0.03877,0.01168,0.01965,0.06021,1.00344
i0,123.00304,36.45439,64.50125,194.70081,1.00349
R0,2.43876,0.32501,1.86888,3.04545,1.00618
