,mean,sd,hdi_3%,hdi_97%,r_hat
beta,0.31436,0.03161,0.2564,0.37058,1.00118
gamma,0.07413,0.02248,0.03635,0.11633,1.00089
rho,0.03858,0.01176,0.01873,0.06098,1.00135
i0,94.79756,31.07947,43.00576,151.25011,1.00186
R0,2.88128,0.46373,2.05848,3.74825,1.00086
