,mean,sd,hdi_3%,hdi_97%,r_hat
β,0.25177,0.02831,0.20286,0.30672,1.00226
γ,0.0715,0.0073,0.05746,0.08479,1.00146
ρ,0.01032,0.00318,0.00545,0.0168,1.00167
i0,139.8906,68.29839,36.64844,268.3447,1.00173
R0,3.09766,0.3991,2.38831,3.86449,1.00054
