,mean,sd,hdi_3%,hdi_97%,r_hat
beta,0.22214,0.02804,0.17357,0.2748,1.00091
gamma,0.08484,0.02634,0.03928,0.13126,1.00101
rho,0.03692,0.0075,0.02337,0.05094,0.99991
i0,141.58006,40.46825,71.95551,215.98154,1.00014
R0,1.8642,0.20406,1.50647,2.2488,1.00078
