,mean,sd,hdi_3%,hdi_97%,r_hat
beta,0.32502,0.03698,0.26022,0.39714,1.00329
gamma,0.07863,0.02387,0.03889,0.12379,1.00286
rho,0.03562,0.00734,0.02258,0.04959,1.00054
i0,35.43286,14.45362,10.62927,62.08814,1.00183
R0,2.9317,0.49414,2.0553,3.84392,1.00077
