,mean,sd,hdi_3%,hdi_97%,r_hat
beta,0.24699,0.02877,0.19437,0.29997,1.01677
gamma,0.08562,0.02609,0.03937,0.13116,1.01703
rho,0.03694,0.00775,0.02378,0.05172,1.00431
i0,98.5644,28.26651,52.11932,154.38445,1.00719
R0,2.06371,0.24422,1.63349,2.53373,1.01274
