,mean,sd,hdi_3%,hdi_97%,r_hat
beta,0.38304,0.05764,0.27639,0.48793,1.00192
gamma,0.07735,0.02363,0.03792,0.12198,1.00046
rho,0.03492,0.00696,0.023,0.0483,1.0003
i0,22.80938,12.69452,2.85841,45.14244,1.00145
R0,3.53292,0.77537,2.15083,4.95625,1.00043
