,mean,sd,hdi_3%,hdi_97%,r_hat
beta,0.37768,0.05442,0.28314,0.48331,1.00223
gamma,0.07671,0.02245,0.03949,0.11948,1.00183
rho,0.03524,0.00733,0.02218,0.04846,0.99983
i0,23.7868,11.92391,3.9461,45.48969,1.0036
R0,3.47874,0.71956,2.30995,4.87275,1.00207
