,mean,sd,hdi_3%,hdi_97%,r_hat
β,0.22696,0.03642,0.15847,0.29436,1.00246
γ,0.07133,0.00711,0.05864,0.08521,1.001
ρ,0.01027,0.00302,0.00521,0.01602,1.00114
i0,478.394,213.73164,153.21715,876.99748,1.00284
R0,2.79858,0.47814,1.98647,3.73357,1.00172
