,mean,sd,hdi_3%,hdi_97%,r_hat
beta,0.35678,0.03564,0.29149,0.42184,1.00106
gamma,0.07525,0.0234,0.03652,0.11905,1.00191
rho,0.03797,0.01157,0.01868,0.05974,1.00192
i0,26.3362,9.05759,11.2754,43.30688,1.00229
R0,3.26488,0.57218,2.25464,4.32453,1.00241
