,mean,sd,hdi_3%,hdi_97%,r_hat
β,0.30094,0.05613,0.2002,0.40675,1.00185
γ,0.07128,0.0073,0.05743,0.08444,1.00208
ρ,0.01023,0.00318,0.00471,0.01583,1.00155
i0,317.42865,159.41558,81.00237,631.60396,1.00284
R0,3.71675,0.73497,2.40591,5.14522,1.00298
