,mean,sd,hdi_3%,hdi_97%,r_hat
beta,0.30403,0.03094,0.24672,0.36216,1.00346
gamma,0.07982,0.0252,0.03649,0.1274,1.00261
rho,0.03406,0.00337,0.02825,0.04075,1.00191
i0,6.05658,2.68442,1.56954,10.81445,1.00013
R0,2.75214,0.42262,2.03852,3.55908,1.00108
