,mean,sd,hdi_3%,hdi_97%,r_hat
beta,0.27551,0.02816,0.22832,0.33185,1.00281
gamma,0.07539,0.02363,0.03612,0.11983,1.00393
rho,0.03849,0.01172,0.01873,0.06004,1.00234
i0,116.87349,36.29995,55.27597,185.83053,1.00271
R0,2.49338,0.34966,1.88091,3.14058,1.0032
