,mean,sd,hdi_3%,hdi_97%,r_hat
beta,0.17791,0.02906,0.12952,0.23329,1.00518
gamma,0.09147,0.02787,0.04885,0.14817,1.00934
rho,0.03807,0.00765,0.02479,0.05267,1.00445
i0,328.2916,94.00201,164.48799,501.70829,1.00528
R0,1.39174,0.10449,1.21928,1.5873,1.0108
