,mean,sd,hdi_3%,hdi_97%,r_hat
β,0.25312,0.03019,0.20001,0.31193,1.00085
γ,0.0707,0.02062,0.03686,0.1107,1.00166
ρ,0.01253,0.0064,0.00287,0.02386,1.00083
i0,394.85093,226.49555,81.86192,807.66421,1.00102
R0,3.18336,0.64994,2.14053,4.435,1.0016
