,mean,sd,hdi_3%,hdi_97%,r_hat
beta,0.25938,0.02707,0.21433,0.31004,1.00363
gamma,0.07504,0.02359,0.03597,0.11751,1.00204
rho,0.03904,0.0123,0.01908,0.06158,1.006
i0,135.12813,42.22123,68.52583,217.47582,1.0052
R0,2.34115,0.30378,1.80187,2.92514,1.00251
