,mean,sd,hdi_3%,hdi_97%,r_hat
beta,0.19815,0.01687,0.16784,0.22955,1.00126
gamma,0.07796,0.01604,0.04867,0.10815,1.00137
rho,0.03646,0.00956,0.01874,0.05459,0.99978
i0,458.50067,172.69458,212.77229,764.86173,0.99959
R0,1.75993,0.19667,1.42115,2.13618,1.00036
