,mean,sd,hdi_3%,hdi_97%,r_hat
beta,0.34076,0.08209,0.16848,0.48435,1.00108
gamma,0.07396,0.02209,0.03549,0.11418,1.00121
i0,2.2889,3.67522,0.00271,8.00198,1.00155
R0,4.95037,1.74734,1.9179,8.0413,1.00214
