,mean,sd,hdi_3%,hdi_97%,r_hat
beta,0.64784,0.15124,0.38738,0.90848,1.01504
gamma,0.60562,0.15324,0.33297,0.8647,1.01506
rho,0.04518,0.00882,0.02873,0.06194,1.01052
i0,4745.001,66.85904,4621.0,4866.0,1.00435
R0,24.71453,4.98945,16.42669,33.61119,1.01
