,mean,sd,hdi_3%,hdi_97%,r_hat
beta,0.35667,0.0326,0.29815,0.42043,1.00115
gamma,0.07723,0.02361,0.03858,0.12221,1.00039
rho,0.03442,0.00342,0.02825,0.04112,1.00146
i0,26.59433,4.60094,18.32577,35.51104,1.00166
R0,3.29117,0.526,2.31,4.24409,1.00091
