,mean,sd,hdi_3%,hdi_97%,r_hat
beta,0.24237,0.02683,0.19433,0.2916,1.0004
gamma,0.08365,0.02518,0.04211,0.1318,1.00025
rho,0.03854,0.00962,0.02145,0.05723,1.00045
i0,782.83019,281.14983,382.32285,1221.26001,1.00094
R0,2.03003,0.23112,1.62575,2.46303,1.00049
