,mean,sd,hdi_3%,hdi_97%,r_hat
beta,0.25551,0.03358,0.20275,0.31544,1.00608
gamma,0.07846,0.03335,0.02775,0.13916,1.00557
rho,0.03405,0.00104,0.03209,0.03597,1.00004
i0,66.52716,4.65605,57.65861,75.36572,1.00201
R0,2.37201,0.36857,1.67215,3.03289,1.0051
