,mean,sd,hdi_3%,hdi_97%,r_hat
beta,0.21251,0.0433,0.18836,0.28172,1.1624
gamma,0.07731,0.06008,0.02052,0.12521,1.18964
rho,0.04033,0.0087,0.02403,0.05622,1.01178
i0,4742.0466,68.23414,4614.0,4874.0,1.00158
R0,1.87575,0.44972,1.44843,2.98193,1.2235
