,mean,sd,hdi_3%,hdi_97%,r_hat
beta,0.20673,0.02775,0.15942,0.26103,1.00087
gamma,0.08631,0.02657,0.0407,0.13431,1.00024
rho,0.03868,0.00953,0.02156,0.05675,1.00144
i0,1926.98714,687.42166,977.67493,3045.97409,1.00146
R0,1.68528,0.15379,1.40386,1.96542,1.00085
