,mean,sd,hdi_3%,hdi_97%,r_hat
beta,0.6512,0.15593,0.40937,0.93403,1.00875
gamma,0.60895,0.15793,0.36332,0.89779,1.00875
rho,0.04496,0.00883,0.0288,0.06137,1.00609
i0,4744.2132,68.34545,4609.0,4863.0,1.0018
R0,0.99415,0.01674,0.9625,1.02375,1.00266
