,mean,sd,hdi_3%,hdi_97%,r_hat
beta,0.31332,0.03219,0.26018,0.37438,1.00156
gamma,0.07583,0.03107,0.02522,0.13247,1.00113
rho,0.03404,0.00103,0.03207,0.0359,1.00154
i0,32.72043,3.03788,27.25922,38.70656,1.00252
R0,2.98861,0.52774,2.01582,3.98298,1.00088
