,mean,sd,hdi_3%,hdi_97%,r_hat
beta,0.21337,0.02918,0.16172,0.26669,1.00483
gamma,0.14316,0.02902,0.09099,0.19571,1.00495
rho,0.05612,0.0097,0.03854,0.07546,1.00332
i0,869.7924,29.73516,816.0,926.0,1.00942
R0,1.0762,0.0748,0.93802,1.21786,1.00312
