,mean,sd,hdi_3%,hdi_97%,r_hat
beta,0.14113,0.01936,0.11479,0.17668,1.004
gamma,0.02606,0.01855,0.00491,0.05795,1.00315
rho,0.02118,0.0034,0.01505,0.02779,1.00143
i0,851.2716,27.20092,791.0,894.0,1.00615
R0,3.2329,0.75039,1.81758,4.59513,1.00211
