,mean,sd,hdi_3%,hdi_97%,r_hat
beta,0.30608,0.08095,0.18659,0.45249,1.0026
gamma,0.1025,0.07687,0.00821,0.24187,1.00265
rho,0.04909,0.02512,0.01303,0.09443,1.00116
i0,60.013,36.54119,12.93214,122.10934,1.00227
R0,2.286,0.65498,1.31602,3.48943,1.0018
