,mean,sd,hdi_3%,hdi_97%,r_hat
beta,0.09318,0.01574,0.07204,0.12322,1.00689
gamma,0.024,0.01528,0.00494,0.05188,1.00749
rho,0.05821,0.00916,0.04072,0.07498,1.00246
i0,871.2188,30.44262,816.0,928.0,1.01214
R0,1.15774,0.18913,0.84759,1.51655,1.00198
