,mean,sd,hdi_3%,hdi_97%,r_hat
beta,0.28113,0.02597,0.23885,0.32808,1.00071
gamma,0.08021,0.02551,0.03842,0.12561,1.00053
rho,0.03459,0.00343,0.02812,0.04072,1.00204
i0,48.64542,5.36709,38.91148,58.54794,1.00223
R0,2.51586,0.31424,1.94507,3.11162,1.00054
