,mean,sd,hdi_3%,hdi_97%,r_hat
beta,0.40262,0.07841,0.2708,0.56129,1.00062
gamma,0.07763,0.02395,0.03782,0.12317,1.00057
rho,0.03494,0.00699,0.02296,0.04856,1.00131
i0,24.13531,13.87948,2.22476,48.16161,1.0004
R0,3.71404,0.97874,2.11795,5.57156,1.00024
