,mean,sd,hdi_3%,hdi_97%,r_hat
beta,0.40593,0.07855,0.27019,0.55984,1.00248
gamma,0.07712,0.02348,0.03677,0.11959,1.0005
rho,0.03487,0.00702,0.02278,0.04808,1.00061
i0,23.66515,13.701,1.82677,48.43328,1.00166
R0,3.76187,0.98051,2.12476,5.5569,1.00143
