,mean,sd,hdi_3%,hdi_97%,r_hat
beta,0.22272,0.02187,0.1882,0.25905,1.00509
gamma,0.08097,0.02539,0.03839,0.12633,1.00538
rho,0.03996,0.00899,0.02412,0.05854,1.00493
i0,4744.0586,68.97983,4612.0,4868.0,1.00488
R0,75.32845,16.74758,48.56305,105.09228,1.00181
