,mean,sd,hdi_3%,hdi_97%,r_hat
beta,0.27942,0.02989,0.22504,0.33536,1.00139
gamma,0.08086,0.02412,0.03943,0.12395,1.00122
rho,0.03644,0.0074,0.02316,0.05034,1.00079
i0,57.667,19.90776,24.23197,96.59211,1.00142
R0,2.44615,0.34941,1.82781,3.10456,1.00094
