,mean,sd,hdi_3%,hdi_97%,r_hat
beta,0.406,0.08068,0.26977,0.56271,1.00124
gamma,0.07663,0.02372,0.03456,0.11778,1.00104
rho,0.03491,0.00692,0.02305,0.04836,1.00072
i0,23.32949,13.34865,2.49516,47.50964,1.00094
R0,3.77549,0.98939,2.07986,5.62137,1.00083
