,mean,sd,hdi_3%,hdi_97%,r_hat
beta,0.37934,0.19085,0.14038,0.76149,1.00198
gamma,0.07611,0.02345,0.03735,0.11806,1.00137
i0,141.33219,137.38283,0.00401,381.471,1.00958
R0,5.43425,3.31365,1.62838,11.9114,1.00091
