,mean,sd,hdi_3%,hdi_97%,r_hat
beta,0.30137,0.03057,0.24775,0.36067,1.00078
gamma,0.13414,0.0272,0.08723,0.18675,1.00015
rho,0.04341,0.00992,0.02486,0.06147,1.00098
i0,860.3468,28.23623,805.0,910.0,1.00231
R0,1.7249,0.22155,1.34608,2.12487,1.00133
