,mean,sd,hdi_3%,hdi_97%,r_hat
beta,0.21241,0.07288,0.09178,0.35071,1.01029
gamma,0.18449,0.07096,0.06633,0.31728,1.01025
rho,0.05064,0.01528,0.02073,0.07771,1.02895
i0,10684.39862,3991.66905,5204.67839,18201.38918,1.02936
R0,0.89969,0.0808,0.75103,1.05732,1.02955
