,mean,sd,hdi_3%,hdi_97%,r_hat
beta,0.25969,0.03122,0.2038,0.3158,1.00186
gamma,0.08186,0.02536,0.03961,0.13008,1.00034
rho,0.0382,0.00947,0.02077,0.05609,1.00063
i0,13427.33568,6039.19307,4467.98506,23937.93209,1.00246
R0,2.22253,0.31696,1.68854,2.79691,1.00025
