,mean,sd,hdi_3%,hdi_97%,r_hat
beta,0.22218,0.01841,0.18879,0.25648,1.00199
gamma,0.07709,0.0162,0.04813,0.10726,1.00183
rho,0.03657,0.00951,0.01866,0.05409,1.00065
i0,2735.53002,1198.14899,1103.9351,4878.99625,1.00156
R0,1.98846,0.24016,1.58911,2.44626,1.00078
