,mean,sd,hdi_3%,hdi_97%,r_hat
beta,0.19604,0.03828,0.13432,0.26619,1.00536
gamma,0.15917,0.03991,0.09501,0.23449,1.00519
rho,0.04353,0.00872,0.02699,0.05942,1.00309
i0,8299.4632,89.80403,8147.0,8471.0,1.01022
R0,0.9634,0.05116,0.86563,1.05423,1.00188
