,mean,sd,hdi_3%,hdi_97%,r_hat
beta,0.38906,0.09444,0.23475,0.58101,1.00193
gamma,0.07179,0.02167,0.03573,0.11177,1.00116
rho,0.03765,0.01096,0.0189,0.05787,1.00061
i0,84.75975,85.99534,0.00906,229.65887,1.0008
R0,3.67497,1.06191,1.94602,5.64544,1.00421
