,mean,sd,hdi_3%,hdi_97%,r_hat
β,0.21509,0.01969,0.17809,0.25127,1.0041
γ,0.12652,0.01247,0.10268,0.14905,1.00178
ρ,0.04342,0.01323,0.02102,0.06774,1.00224
i0,13143.72885,4223.7535,6189.96628,21112.27093,1.00169
R0,1.26894,0.06167,1.15242,1.38443,1.00206
