,mean,sd,hdi_3%,hdi_97%,r_hat
beta,0.90589,0.16513,0.62974,1.23117,1.01243
gamma,0.86933,0.16665,0.58452,1.19098,1.01241
rho,0.04651,0.00808,0.03166,0.06115,1.01101
i0,4744.301,68.67524,4616.0,4876.0,1.00209
R0,1.04406,0.01197,1.02593,1.065,1.00997
