,mean,sd,hdi_3%,hdi_97%,r_hat
beta,0.30623,0.04374,0.23592,0.38549,1.00573
gamma,0.16905,0.04741,0.08903,0.25701,1.0055
rho,0.04253,0.00919,0.02687,0.06032,1.00396
i0,4747.1588,69.40196,4613.0,4873.0,1.00911
R0,1.88279,0.28731,1.41095,2.39448,1.00535
