,mean,sd,hdi_3%,hdi_97%,r_hat
beta,0.34102,0.03102,0.28589,0.40042,1.00073
gamma,0.07782,0.02416,0.03652,0.12175,1.00048
rho,0.0365,0.00731,0.02357,0.05034,1.00071
i0,234.12287,89.65329,80.24589,396.47908,1.00129
R0,3.07571,0.47845,2.22007,3.98027,1.00053
