,mean,sd,hdi_3%,hdi_97%,r_hat
beta,0.26362,0.02781,0.21385,0.31551,1.00184
gamma,0.08167,0.02552,0.03864,0.12776,1.00164
rho,0.03835,0.00963,0.02034,0.05655,1.0007
i0,5494.02629,1990.71965,2596.82345,9332.06365,1.00101
R0,2.25511,0.28557,1.75205,2.79553,1.00215
