,mean,sd,hdi_3%,hdi_97%,r_hat
beta,0.87406,0.18225,0.60506,1.21377,1.3505
gamma,0.83678,0.18403,0.56297,1.17989,1.35629
rho,0.04747,0.00796,0.03165,0.06108,1.1745
i0,4751.3132,66.78435,4643.0,4886.0,1.01499
