,mean,sd,hdi_3%,hdi_97%,r_hat
β,0.35683,0.02182,0.31672,0.39776,1.00258
γ,0.07159,0.00726,0.05774,0.08456,1.0021
ρ,0.04612,0.01416,0.02371,0.07394,1.00054
i0,171.96733,62.54862,68.6881,286.41917,1.00119
R0,3.06663,0.29611,2.55127,3.63532,1.00065
