,mean,sd,hdi_3%,hdi_97%,r_hat
beta,0.1398,0.01728,0.11067,0.17388,1.00269
gamma,0.08352,0.01683,0.05386,0.11441,1.0026
rho,0.0371,0.00968,0.01833,0.05499,1.00066
i0,42310.5796,15972.2973,18545.03305,70911.1392,1.00072
R0,1.17078,0.11101,0.97065,1.38496,1.00147
