,mean,sd,hdi_3%,hdi_97%,r_hat
beta,0.15531,0.00963,0.13921,0.17253,1.00591
gamma,0.0307,0.01006,0.01605,0.04833,1.00459
rho,0.03664,0.00909,0.01931,0.05345,1.00606
i0,8305.7924,87.09692,8139.0,8461.0,1.00621
R0,2.32358,0.24587,1.87808,2.80145,1.00274
