,mean,sd,hdi_3%,hdi_97%,r_hat
beta,0.19724,0.03952,0.13565,0.27045,1.00637
gamma,0.16059,0.04109,0.09331,0.23473,1.00611
rho,0.04343,0.00877,0.02696,0.05939,1.00379
i0,8304.8844,92.39393,8121.0,8472.0,1.0054
R0,29.72126,5.66291,20.43679,39.95772,1.00348
