,mean,sd,hdi_3%,hdi_97%,r_hat
beta,0.30018,0.02618,0.25313,0.35015,1.0028
gamma,0.07516,0.02252,0.03577,0.11658,1.00142
rho,0.03899,0.01206,0.01755,0.06083,1.00186
i0,347.17604,117.20019,152.86588,570.49146,1.00281
R0,2.7114,0.38675,2.03731,3.43713,1.00122
