,mean,sd,hdi_3%,hdi_97%,r_hat
beta,0.52921,0.05502,0.42993,0.63454,1.00061
gamma,0.07737,0.03219,0.02644,0.13704,1.00127
rho,0.03806,0.01148,0.01871,0.05908,1.00065
i0,34.71263,15.32283,10.55408,62.74494,1.00122
R0,4.89405,1.21669,2.84865,7.20687,1.00194
