,mean,sd,hdi_3%,hdi_97%,r_hat
β,0.16456,0.01819,0.13082,0.1995,1.00294
γ,0.07216,0.00714,0.0591,0.08567,1.00036
ρ,0.04781,0.01442,0.02249,0.07403,1.00115
i0,11936.00609,3802.18361,5230.15489,18617.61863,1.00318
R0,1.37828,0.0915,1.21929,1.55395,1.00117
