,mean,sd,hdi_3%,hdi_97%,r_hat
β,0.40668,0.02306,0.36101,0.4489,1.00778
γ,0.12521,0.01258,0.1029,0.14979,1.00216
ρ,0.04135,0.01238,0.02082,0.06426,1.00548
i0,188.81237,67.61517,77.68368,313.14641,1.00608
R0,2.45749,0.17749,2.12319,2.78402,1.00395
