,mean,sd,hdi_3%,hdi_97%,r_hat
beta,0.65419,0.15815,0.39139,0.94638,1.02766
gamma,0.612,0.15998,0.34856,0.91591,1.02756
rho,0.04497,0.00924,0.02736,0.06188,1.02473
i0,4745.0204,69.02645,4622.0,4887.0,1.00938
R0,1.07429,0.02359,1.0336,1.11734,1.0236
