,mean,sd,hdi_3%,hdi_97%,r_hat
beta,0.15518,0.0092,0.14033,0.17133,1.00149
gamma,0.03039,0.00958,0.01607,0.04726,1.00172
rho,0.03667,0.00887,0.02044,0.05293,1.00096
i0,8303.6016,95.65869,8121.0,8478.0,1.0089
R0,151.6813,25.43862,106.89165,200.48244,1.00049
