,mean,sd,hdi_3%,hdi_97%,r_hat
beta,0.388,0.02856,0.33389,0.43877,1.0042
gamma,0.07596,0.02325,0.03804,0.12008,1.00101
rho,0.03864,0.01156,0.01984,0.06072,1.00394
i0,102.86069,35.01401,49.22318,173.72237,1.00483
R0,3.50519,0.5736,2.51105,4.61551,1.00269
