,mean,sd,hdi_3%,hdi_97%,r_hat
beta,0.5118,0.05651,0.41199,0.62093,1.00725
gamma,0.07299,0.0228,0.03586,0.1165,1.00229
rho,0.03861,0.01167,0.0182,0.06066,1.00097
i0,57.53055,25.48036,13.97493,101.82609,1.00522
R0,4.77714,1.00124,3.02701,6.63992,1.00096
