,mean,sd,hdi_3%,hdi_97%,r_hat
beta,0.22202,0.02131,0.18959,0.2633,1.00276
gamma,0.08056,0.02464,0.03918,0.12575,1.00255
rho,0.04031,0.00912,0.02323,0.05691,1.00257
i0,4745.2236,71.40362,4610.0,4870.0,1.00795
R0,2.93502,0.66596,1.84543,4.19176,1.00201
