,mean,sd,hdi_3%,hdi_97%,r_hat
beta,0.28974,0.02578,0.2466,0.34017,1.00265
gamma,0.07553,0.02227,0.0373,0.11596,1.00215
rho,0.03851,0.01158,0.01998,0.06117,1.00181
i0,1045.02845,322.88696,501.90766,1632.50579,1.00223
R0,2.61467,0.35819,1.98207,3.30044,1.00181
