,mean,sd,hdi_3%,hdi_97%,r_hat
beta,0.18829,0.02077,0.14967,0.22768,1.00039
gamma,0.07556,0.01512,0.05029,0.10554,1.00044
rho,0.03689,0.00749,0.02309,0.05046,1.00057
i0,9768.53392,2416.55675,5158.74602,14040.45716,1.00228
R0,1.68955,0.15612,1.41043,1.98657,1.00194
