,mean,sd,hdi_3%,hdi_97%,r_hat
beta,0.35308,0.0347,0.29757,0.41824,1.0006
gamma,0.07783,0.03239,0.02856,0.13657,1.00048
rho,0.03907,0.0119,0.01921,0.06103,1.00096
i0,158.827,49.47745,75.66633,252.75057,1.00107
R0,3.18571,0.61384,2.13309,4.36265,1.0006
