,mean,sd,hdi_3%,hdi_97%,r_hat
beta,0.16404,0.01982,0.13384,0.20029,1.00766
gamma,0.02743,0.01876,0.00522,0.06182,1.00718
rho,0.02511,0.00517,0.01587,0.03488,1.00316
i0,4736.719,69.07592,4610.0,4867.0,1.00826
R0,3.38471,0.85271,1.8903,4.98202,1.00422
