,mean,sd,hdi_3%,hdi_97%,r_hat
beta,0.35431,0.03222,0.29853,0.4186,1.00276
gamma,0.07405,0.02262,0.03561,0.11731,1.00153
rho,0.03892,0.01205,0.01797,0.06112,1.0027
i0,519.23276,172.3115,222.55552,822.30616,1.0024
R0,3.24227,0.52834,2.283,4.19229,1.00114
