,mean,sd,hdi_3%,hdi_97%,r_hat
beta,0.35399,0.0263,0.30807,0.40257,1.00084
gamma,0.07388,0.02284,0.03662,0.11667,1.00044
rho,0.03866,0.01154,0.01801,0.0593,1.00185
i0,192.41301,60.0885,96.44435,313.97045,1.00243
R0,3.25429,0.50489,2.38962,4.26108,1.00049
