,mean,sd,hdi_3%,hdi_97%,r_hat
beta,0.29629,0.04393,0.23118,0.37483,1.27437
gamma,0.14775,0.06057,0.02855,0.24323,1.4751
rho,0.04077,0.00907,0.02527,0.05723,1.15383
i0,4752.6224,68.33875,4625.0,4883.0,1.00511
R0,2.45252,1.56467,1.32046,4.9145,1.47417
