,mean,sd,hdi_3%,hdi_97%,r_hat
beta,0.16905,0.0227,0.13648,0.2063,1.00306
gamma,0.07843,0.02544,0.03883,0.12271,1.00279
rho,0.0405,0.00885,0.02518,0.0581,1.00215
i0,4744.009,70.17692,4615.0,4872.0,1.00398
R0,2.28154,0.4612,1.60275,3.19178,1.0028
