,mean,sd,hdi_3%,hdi_97%,r_hat
beta,0.27254,0.01446,0.24586,0.29847,1.00529
gamma,0.01388,0.00845,0.0036,0.02801,1.00328
rho,0.00228,0.00134,0.00046,0.00471,1.00405
i0,4731.546,67.62433,4597.0,4851.0,1.0046
R0,25.0711,11.93611,6.61399,47.1677,1.00314
