,mean,sd,hdi_3%,hdi_97%,r_hat
beta,0.13225,0.01996,0.10486,0.16903,1.00167
gamma,0.02694,0.01854,0.00591,0.05992,1.00223
rho,0.04686,0.00961,0.02917,0.06494,1.0007
i0,4748.1118,68.49812,4625.0,4873.0,1.00362
R0,1.87506,0.41104,1.21649,2.59692,1.0015
