,mean,sd,hdi_3%,hdi_97%,r_hat
β,0.46629,0.0389,0.39772,0.5409,1.00252
γ,0.12367,0.01265,0.10085,0.14801,1.00124
ρ,0.00788,0.00237,0.00411,0.01268,1.00054
i0,9.66524,5.68919,1.50468,19.46996,1.00107
R0,3.56879,0.3795,2.89552,4.28633,1.00165
