,mean,sd,hdi_3%,hdi_97%,r_hat
beta,0.28387,0.02765,0.23563,0.33613,1.00076
gamma,0.08042,0.02485,0.03783,0.12703,1.00109
rho,0.03566,0.00716,0.02308,0.04936,1.00012
i0,28.47341,8.10107,14.52351,43.38457,1.00068
R0,2.51533,0.33872,1.89193,3.14153,1.00135
