,mean,sd,hdi_3%,hdi_97%,r_hat
beta,0.27177,0.02656,0.22313,0.31876,1.01244
gamma,0.08033,0.02485,0.04264,0.12745,1.01146
rho,0.03647,0.00742,0.02347,0.05053,1.00525
i0,35.34728,9.01016,20.67707,52.70421,1.00969
R0,2.38876,0.30014,1.87366,2.99213,1.01052
