,mean,sd,hdi_3%,hdi_97%,r_hat
beta,0.48836,0.06554,0.369,0.61272,1.00167
gamma,0.07632,0.02354,0.03829,0.12019,1.00061
rho,0.03333,0.00686,0.02114,0.04617,1.00146
i0,2.83542,1.93556,0.16798,6.20688,1.00235
R0,4.61412,0.95774,2.83106,6.31314,1.0005
