,mean,sd,hdi_3%,hdi_97%,r_hat
β,0.26881,0.01389,0.24167,0.29446,1.06327
γ,0.12538,0.01139,0.10243,0.14587,1.04408
ρ,0.00891,0.0029,0.00441,0.0129,1.24552
i0,1511.37882,536.43399,770.4065,2516.98434,1.20025
R0,2.01064,0.11484,1.83229,2.24081,1.10383
