,mean,sd,hdi_3%,hdi_97%,r_hat
beta,0.24653,0.01922,0.2109,0.28289,1.00349
gamma,0.07411,0.01518,0.04684,0.10149,1.00175
rho,0.03639,0.00731,0.02375,0.05037,1.00345
i0,221.69168,52.84559,126.15432,317.46339,1.00332
R0,2.2589,0.20559,1.90381,2.66171,1.00082
