,mean,sd,hdi_3%,hdi_97%,r_hat
beta,0.24419,0.03021,0.18976,0.30197,1.00356
gamma,0.08349,0.02657,0.03865,0.13224,1.00224
rho,0.03658,0.0073,0.02324,0.04977,1.00245
i0,66.14454,25.93802,24.15133,114.83414,1.00182
R0,2.08592,0.276,1.58384,2.59668,1.00123
