,mean,sd,hdi_3%,hdi_97%,r_hat
β,0.22995,0.02289,0.18886,0.27119,1.00585
γ,0.07004,0.02144,0.03336,0.10998,1.00815
ρ,0.00891,0.00442,0.00238,0.01716,1.00476
i0,143.92793,79.40967,32.72961,282.76073,1.00457
R0,3.05771,0.5702,2.07057,4.13265,1.00443
