,mean,sd,hdi_3%,hdi_97%,r_hat
β,0.2161,0.01149,0.19387,0.23705,1.00282
γ,0.07113,0.00711,0.05858,0.08463,1.00111
ρ,0.00719,0.00213,0.00351,0.01103,1.00338
i0,996.85631,330.73682,478.76691,1643.72475,1.00294
R0,2.77583,0.20907,2.40693,3.17803,1.00009
