,mean,sd,hdi_3%,hdi_97%,r_hat
beta,0.36606,0.03827,0.29868,0.44059,1.00033
gamma,0.07718,0.0233,0.03669,0.11966,1.00062
rho,0.03398,0.00684,0.02165,0.04692,1.00179
i0,8.38269,3.77137,2.16758,15.21216,1.00054
R0,3.40087,0.5969,2.35342,4.52035,1.00077
