,mean,sd,hdi_3%,hdi_97%,r_hat
beta,0.27831,0.02808,0.22809,0.32845,1.00975
gamma,0.07922,0.0263,0.03639,0.12404,1.00836
rho,0.03542,0.00711,0.02164,0.04693,1.00491
i0,31.2337,8.51384,17.32391,47.87571,1.00566
R0,2.50186,0.34594,1.94885,3.25261,1.00726
