,mean,sd,hdi_3%,hdi_97%,r_hat
β,0.35672,0.02782,0.30785,0.40947,1.00255
γ,0.12337,0.01249,0.1012,0.14734,1.00074
ρ,0.00794,0.00243,0.00371,0.01223,1.00197
i0,138.58894,59.27983,41.69624,248.849,1.00227
R0,2.73239,0.24971,2.32206,3.23414,1.00129
