,mean,sd,hdi_3%,hdi_97%,r_hat
beta,0.20888,0.02771,0.16289,0.26598,1.00116
gamma,0.07654,0.0235,0.03656,0.12112,1.00223
rho,0.03937,0.01242,0.01949,0.06329,1.00118
i0,312.24023,104.27261,129.84436,499.32255,1.00124
R0,1.84329,0.20836,1.46205,2.22305,1.00084
