,mean,sd,hdi_3%,hdi_97%,r_hat
beta,0.20073,0.03122,0.14505,0.26023,1.00153
gamma,0.08845,0.02682,0.04349,0.13877,1.00154
rho,0.03726,0.00768,0.02362,0.05124,1.00125
i0,132.65117,68.79705,13.31313,256.42463,1.00052
R0,1.62779,0.21101,1.28821,2.02912,1.00064
