,mean,sd,hdi_3%,hdi_97%,r_hat
beta,0.3237,0.03784,0.26088,0.38312,1.00138
gamma,0.07227,0.0144,0.04608,0.09932,1.00019
rho,0.03648,0.0072,0.0235,0.05013,1.0025
i0,126.06266,36.24359,66.50449,198.97354,1.00055
R0,3.02026,0.44379,2.28254,3.76476,1.00289
