,mean,sd,hdi_3%,hdi_97%,r_hat
beta,0.30474,0.02872,0.2565,0.3643,1.00576
gamma,0.07428,0.02333,0.03532,0.11894,1.00471
rho,0.03889,0.01176,0.01856,0.06028,1.00353
i0,141.27226,44.2522,70.34623,225.61118,1.00389
R0,2.78418,0.42617,2.04596,3.59018,1.00352
