,mean,sd,hdi_3%,hdi_97%,r_hat
β,0.24455,0.01775,0.21186,0.27816,1.00026
γ,0.07124,0.00694,0.05859,0.08477,1.0035
ρ,0.0072,0.00222,0.00338,0.01132,1.00093
i0,752.22706,267.34243,297.89775,1236.06828,1.00187
R0,3.13555,0.28465,2.65847,3.6992,1.0024
