,mean,sd,hdi_3%,hdi_97%,r_hat
beta,0.24576,0.01987,0.21064,0.28439,1.00407
gamma,0.07421,0.01499,0.04739,0.10151,1.00294
rho,0.03623,0.0074,0.02342,0.05019,1.00294
i0,219.56659,53.32329,128.00391,324.07262,1.00361
R0,2.25317,0.21327,1.89601,2.67745,1.00273
