,mean,sd,hdi_3%,hdi_97%,r_hat
beta,0.49588,0.07371,0.36375,0.63388,1.01241
gamma,0.07552,0.02235,0.04147,0.11782,1.00155
rho,0.03326,0.00653,0.02164,0.04469,1.00135
i0,2.71877,2.37253,0.13903,6.56666,1.01078
R0,4.72087,1.05399,3.07257,6.93476,1.00384
