,mean,sd,hdi_3%,hdi_97%,r_hat
beta,0.26388,0.02596,0.21443,0.30949,1.00285
gamma,0.07531,0.02255,0.03806,0.1185,1.00272
rho,0.03955,0.01164,0.01966,0.06097,1.00254
i0,184.7251,56.39373,98.20655,294.5564,1.00206
R0,2.36202,0.31137,1.8314,2.95572,1.00249
