,mean,sd,hdi_3%,hdi_97%,r_hat
beta,0.3528,0.0318,0.2978,0.41441,1.00139
gamma,0.07746,0.0241,0.0366,0.12176,1.00072
rho,0.0341,0.00685,0.02188,0.04675,1.00132
i0,9.48767,3.59958,3.51723,16.43428,1.00015
R0,3.26902,0.53612,2.34287,4.29453,1.00032
