,mean,sd,hdi_3%,hdi_97%,r_hat
β,0.23661,0.02359,0.19386,0.27988,1.00019
γ,0.07049,0.02113,0.03406,0.10989,1.00084
ρ,0.00887,0.00468,0.00234,0.01752,1.00091
i0,128.1501,75.84846,26.6426,260.41395,1.00237
R0,3.12775,0.59231,2.13208,4.26262,1.0012
