,mean,sd,hdi_3%,hdi_97%,r_hat
β,0.25944,0.01531,0.23051,0.28774,1.00133
γ,0.0711,0.00696,0.05834,0.08443,1.00138
ρ,0.00711,0.00217,0.00356,0.01122,1.00032
i0,260.99256,95.8913,99.7451,436.93684,1.00173
R0,3.33749,0.28471,2.8188,3.87166,1.00119
