,mean,sd,hdi_3%,hdi_97%,r_hat
β,0.35831,0.03037,0.30139,0.4134,1.00194
γ,0.12339,0.01215,0.10106,0.14619,1.00114
ρ,0.00795,0.00243,0.00377,0.01232,1.00189
i0,33.27377,18.40585,5.3014,65.99421,1.00202
R0,2.74296,0.26303,2.24932,3.23719,1.00104
