,mean,sd,hdi_3%,hdi_97%,r_hat
β,0.37614,0.02023,0.34069,0.41684,1.00206
γ,0.12376,0.01211,0.10294,0.14845,1.00366
ρ,0.00796,0.00244,0.00386,0.01247,1.00099
i0,25.89764,11.52532,8.67097,48.26156,1.00256
R0,2.87216,0.21343,2.47883,3.26883,1.00194
