,mean,sd,hdi_3%,hdi_97%,r_hat
β,0.22462,0.01066,0.20477,0.24494,1.0027
γ,0.07135,0.00707,0.05813,0.08467,1.00306
ρ,0.0072,0.00218,0.00369,0.01133,1.0007
i0,424.16505,148.28436,185.55373,704.32044,1.00115
R0,2.87617,0.2037,2.51134,3.2677,1.0015
