,mean,sd,hdi_3%,hdi_97%,r_hat
β,0.27329,0.0171,0.24355,0.30762,1.00136
γ,0.12332,0.01247,0.10087,0.14731,1.00036
ρ,0.00791,0.00243,0.00384,0.01252,1.00075
i0,998.96281,343.67565,460.06644,1651.47572,1.0021
R0,2.09268,0.13604,1.83714,2.34573,1.00035
