,mean,sd,hdi_3%,hdi_97%,r_hat
beta,0.3174,0.02762,0.26756,0.37217,1.01081
gamma,0.07875,0.02358,0.0372,0.12343,1.00367
rho,0.0346,0.00667,0.02287,0.04826,1.0054
i0,16.46344,5.04335,7.74551,24.96717,1.01165
R0,2.887,0.43306,2.09123,3.60745,1.00385
