,mean,sd,hdi_3%,hdi_97%,r_hat
beta,0.27185,0.02173,0.23169,0.31215,1.00173
gamma,0.07354,0.01439,0.04816,0.1003,1.00043
rho,0.03612,0.00714,0.02388,0.0506,1.00126
i0,174.88459,42.80178,100.19067,252.70137,1.00236
R0,2.51059,0.26322,2.02118,2.98837,1.00099
