,mean,sd,hdi_3%,hdi_97%,r_hat
beta,0.32058,0.02872,0.2713,0.37661,1.00151
gamma,0.07877,0.02454,0.0376,0.12512,1.00062
rho,0.03457,0.00698,0.02199,0.0473,1.00114
i0,15.55751,4.89129,7.45555,24.88537,1.00162
R0,2.91718,0.43096,2.14416,3.7236,1.00111
