,mean,sd,hdi_3%,hdi_97%,r_hat
β,0.26976,0.02529,0.22228,0.31653,1.00294
γ,0.07088,0.02147,0.03344,0.11029,1.00189
ρ,0.00892,0.00466,0.00218,0.01728,1.00309
i0,67.78881,39.4125,13.54784,137.26132,1.00416
R0,3.56083,0.72744,2.34395,4.90495,1.00158
