,mean,sd,hdi_3%,hdi_97%,r_hat
β,0.28846,0.01547,0.26039,0.31818,1.00051
γ,0.12345,0.01217,0.10077,0.14567,1.00038
ρ,0.00794,0.00249,0.00369,0.01244,1.00141
i0,122.82276,47.52791,46.89219,211.68178,1.00065
R0,2.20623,0.13646,1.96251,2.46775,1.00023
