,mean,sd,hdi_3%,hdi_97%,r_hat
beta,0.28714,0.02693,0.23913,0.33553,1.00189
gamma,0.07495,0.02333,0.03792,0.11781,1.00313
rho,0.03908,0.01236,0.01882,0.06247,1.00179
i0,159.4056,49.70621,72.94789,247.25292,1.00223
R0,2.59565,0.36262,1.96751,3.27368,1.00226
