,mean,sd,hdi_3%,hdi_97%,r_hat
β,0.31518,0.02082,0.27593,0.35416,1.0009
γ,0.07122,0.00721,0.05747,0.08467,1.00316
ρ,0.00715,0.0022,0.00345,0.01117,1.00254
i0,137.92881,58.41829,48.27593,250.41805,1.00415
R0,4.04909,0.38206,3.35167,4.75386,1.0023
