,mean,sd,hdi_3%,hdi_97%,r_hat
β,0.22921,0.0131,0.20311,0.25266,1.00165
γ,0.0714,0.00736,0.0588,0.08601,1.00118
ρ,0.00724,0.00223,0.00341,0.01129,1.00271
i0,387.71146,144.46184,152.41251,653.45178,1.00222
R0,2.93275,0.23005,2.51198,3.36351,1.00176
