,mean,sd,hdi_3%,hdi_97%,r_hat
β,0.19794,0.01846,0.16311,0.23425,1.00221
γ,0.07141,0.0072,0.05862,0.08568,1.00146
ρ,0.00717,0.00223,0.00337,0.01121,1.00198
i0,678.10579,304.37916,243.96624,1254.4154,1.00343
R0,2.53237,0.25575,2.04744,3.02034,1.00196
