,mean,sd,hdi_3%,hdi_97%,r_hat
β,0.30925,0.03595,0.24271,0.3764,1.00217
γ,0.06987,0.02071,0.03478,0.10858,1.0056
ρ,0.00878,0.00447,0.00239,0.01695,1.00014
i0,33.2,24.67914,2.70114,73.72851,1.00081
R0,4.14465,0.9412,2.51291,5.87795,1.00179
