,mean,sd,hdi_3%,hdi_97%,r_hat
beta,0.35165,0.02932,0.30279,0.41072,1.00265
gamma,0.07459,0.02234,0.03594,0.11602,1.00419
rho,0.0383,0.01156,0.01866,0.05971,1.00232
i0,32.9017,10.42744,15.43384,52.12516,1.00433
R0,3.21798,0.51285,2.35079,4.20138,1.00222
