,mean,sd,hdi_3%,hdi_97%,r_hat
β,0.16836,0.026,0.11989,0.21445,1.00327
γ,0.07177,0.0072,0.05879,0.08515,1.0016
ρ,0.00721,0.00225,0.00331,0.0114,1.00133
i0,1658.54484,752.39912,498.50646,3030.22836,1.00236
R0,2.14284,0.34084,1.4501,2.72199,1.0015
