,mean,sd,hdi_3%,hdi_97%,r_hat
beta,0.25347,0.02568,0.21011,0.30133,1.00293
gamma,0.07544,0.0226,0.03729,0.11632,1.00355
rho,0.03904,0.0117,0.01948,0.06057,1.00135
i0,205.79576,62.1205,103.65903,324.55583,1.0016
R0,2.27243,0.2771,1.82026,2.8311,1.00248
