,mean,sd,hdi_3%,hdi_97%,r_hat
beta,0.45267,0.08065,0.30441,0.60199,1.00161
gamma,0.07617,0.02338,0.03658,0.11927,1.00032
rho,0.03358,0.00684,0.02174,0.04668,1.00074
i0,3.6412,2.33559,0.24117,7.80207,1.00102
R0,4.28051,1.05709,2.44214,6.32981,1.0005
