,mean,sd,hdi_3%,hdi_97%,r_hat
beta,0.35322,0.03185,0.29783,0.41539,1.00192
gamma,0.07746,0.02391,0.03503,0.12056,1.00309
rho,0.034,0.0067,0.02138,0.0472,1.00136
i0,9.43461,3.49899,3.23927,15.78431,1.00295
R0,3.26943,0.51118,2.2761,4.17474,1.0008
