,mean,sd,hdi_3%,hdi_97%,r_hat
β,0.28287,0.01433,0.25609,0.30877,1.00256
γ,0.12411,0.01232,0.1022,0.14784,1.0011
ρ,0.00795,0.0024,0.0038,0.0124,1.00452
i0,141.56201,52.27381,57.60578,235.088,1.00382
R0,2.15237,0.12191,1.93292,2.37791,1.00077
