,mean,sd,hdi_3%,hdi_97%,r_hat
beta,0.20133,0.02975,0.14057,0.25164,1.00186
gamma,0.0751,0.01512,0.0477,0.10217,1.00204
rho,0.0365,0.00737,0.02394,0.05032,1.00066
i0,337.94629,123.30766,140.59255,581.92166,1.00168
R0,1.82437,0.27705,1.30445,2.30815,1.00113
