,mean,sd,hdi_3%,hdi_97%,r_hat
β,0.2963,0.02764,0.2444,0.34919,1.00103
γ,0.0709,0.00711,0.05768,0.08401,1.00024
ρ,0.00713,0.00221,0.00352,0.01124,1.00087
i0,527.69912,204.47028,198.01433,902.77143,1.00037
R0,3.82198,0.43514,3.02171,4.63824,1.00016
