,mean,sd,hdi_3%,hdi_97%,r_hat
β,0.32855,0.04058,0.25651,0.40564,1.00089
γ,0.07003,0.02059,0.03603,0.10897,1.00087
ρ,0.00889,0.00456,0.00207,0.01674,1.00233
i0,54.58289,38.05853,4.32407,121.83664,1.00251
R0,4.39184,1.05555,2.60549,6.34294,0.99971
