,mean,sd,hdi_3%,hdi_97%,r_hat
β,0.21503,0.02269,0.17275,0.25545,1.00455
γ,0.07085,0.02098,0.03451,0.10932,1.00343
ρ,0.00888,0.00473,0.00225,0.01724,1.00057
i0,1716.03623,920.21408,475.52062,3453.40052,1.00065
R0,2.81696,0.49598,1.94509,3.7043,1.00068
