,mean,sd,hdi_3%,hdi_97%,r_hat
β,0.21679,0.01325,0.19385,0.24416,1.00122
γ,0.07126,0.00717,0.05871,0.08459,1.00157
ρ,0.00724,0.00219,0.00359,0.0112,1.00039
i0,967.66265,327.47523,437.09373,1568.72435,1.00075
R0,2.77735,0.21557,2.41259,3.20888,1.00151
