,mean,sd,hdi_3%,hdi_97%,r_hat
beta,0.4509,0.08654,0.28533,0.59791,1.00542
gamma,0.07657,0.02354,0.03811,0.12183,1.00036
rho,0.03365,0.00683,0.02008,0.04495,1.00687
i0,3.75017,2.57656,0.10029,8.13979,1.00696
R0,4.24686,1.09877,2.32897,6.19448,1.00462
