,mean,sd,hdi_3%,hdi_97%,r_hat
β,0.26745,0.02588,0.22235,0.3158,1.00007
γ,0.0698,0.01972,0.03678,0.10736,1.00086
ρ,0.00902,0.00474,0.00237,0.01745,1.00092
i0,394.93265,220.15267,72.70739,789.69762,1.00094
R0,3.551,0.69343,2.30936,4.81283,1.00047
