,mean,sd,hdi_3%,hdi_97%,r_hat
β,0.49864,0.05248,0.40171,0.59712,1.00402
γ,0.12389,0.01202,0.10113,0.14615,1.00411
ρ,0.0078,0.00234,0.00392,0.01226,0.99975
i0,7.18167,5.35298,0.45741,15.98494,1.00208
R0,3.8116,0.48232,2.97563,4.77091,1.00294
