,mean,sd,hdi_3%,hdi_97%,r_hat
beta,0.365,0.03737,0.29487,0.43673,1.00294
gamma,0.07756,0.02395,0.03855,0.12351,0.99995
rho,0.0347,0.00706,0.02246,0.04774,1.00703
i0,8.45443,3.75256,2.30991,15.14834,1.00546
R0,3.36308,0.59981,2.36613,4.50553,1.00497
