,mean,sd,hdi_3%,hdi_97%,r_hat
beta,0.19601,0.03219,0.13844,0.25633,1.00126
gamma,0.08831,0.02773,0.04026,0.13894,1.00078
rho,0.03712,0.00753,0.02392,0.05155,1.0009
i0,139.393,69.91373,24.15644,268.45873,0.99989
R0,1.59397,0.2141,1.23307,1.97761,0.99992
