,mean,sd,hdi_3%,hdi_97%,r_hat
β,0.15049,0.02646,0.10773,0.18897,1.00212
γ,0.07169,0.00723,0.05849,0.08538,1.00051
ρ,0.00718,0.00222,0.00367,0.01143,1.00045
i0,1128.15376,599.49973,175.18467,2307.49428,1.0018
R0,1.91756,0.34255,1.37959,2.44317,1.00185
