,mean,sd,hdi_3%,hdi_97%,r_hat
beta,0.18369,0.04824,0.11767,0.25472,1.00946
gamma,0.07619,0.01481,0.05091,0.10521,1.00119
rho,0.03694,0.00764,0.02311,0.05128,1.00169
i0,354.53433,172.8678,0.01909,633.56293,1.00822
R0,1.64253,0.46346,1.07586,2.23839,1.01285
