,mean,sd,hdi_3%,hdi_97%,r_hat
beta,0.19505,0.02943,0.14182,0.25022,1.00142
gamma,0.08923,0.02785,0.04212,0.14167,1.00199
rho,0.03892,0.0097,0.02173,0.05798,1.00108
i0,5849.37549,2213.59856,3060.137,9065.37244,1.00103
R0,1.54907,0.13257,1.30898,1.79006,1.0004
