,mean,sd,hdi_3%,hdi_97%,r_hat
beta,0.28005,0.02742,0.23105,0.33113,1.00221
gamma,0.08095,0.02488,0.03983,0.1294,1.00229
rho,0.03766,0.00948,0.02038,0.05633,1.00133
i0,188.26668,85.74576,87.37198,307.57632,1.00148
R0,2.42809,0.32357,1.83744,3.00947,1.00084
