,mean,sd,hdi_3%,hdi_97%,r_hat
beta,0.50197,0.12814,0.26619,0.74848,1.00614
gamma,0.08804,0.06049,0.0101,0.19995,1.0038
rho,0.03467,0.0181,0.01069,0.06667,1.01126
i0,7.17527,7.28049,0.08071,18.92367,1.0034
R0,4.95836,2.46231,1.59696,9.502,1.00062
