,mean,sd,hdi_3%,hdi_97%,r_hat
beta,0.29879,0.06691,0.2001,0.42699,1.01054
gamma,0.09367,0.06188,0.01454,0.21192,1.00987
rho,0.04859,0.02561,0.01235,0.09231,1.00339
i0,74.16752,42.16278,16.82825,150.01994,1.00876
R0,2.33035,0.59881,1.34055,3.37929,1.00605
