,mean,sd,hdi_3%,hdi_97%,r_hat
beta,0.09857,0.01608,0.07668,0.12846,1.00279
gamma,0.02528,0.01571,0.00566,0.05427,1.00321
rho,0.05722,0.00802,0.04252,0.07308,1.00495
i0,1773.1098,42.28471,1693.0,1853.0,1.00181
R0,1.21654,0.17176,0.91621,1.51817,1.00484
