,mean,sd,hdi_3%,hdi_97%,r_hat
beta,0.30471,0.02619,0.25982,0.35545,1.00244
gamma,0.07504,0.02266,0.03704,0.1184,1.00168
rho,0.03894,0.01192,0.01869,0.06096,1.00112
i0,39.86386,12.55499,18.80139,63.8012,1.00087
R0,2.75676,0.39815,2.04333,3.47398,1.00121
