,mean,sd,hdi_3%,hdi_97%,r_hat
beta,0.41758,0.03212,0.36354,0.48081,1.00204
gamma,0.07521,0.02366,0.03746,0.12129,1.00213
rho,0.03889,0.0118,0.01853,0.06004,1.00181
i0,41.51237,13.82803,19.98815,67.98212,1.00186
R0,3.80481,0.66859,2.67462,5.12937,1.00147
