,mean,sd,hdi_3%,hdi_97%,r_hat
β,0.20231,0.01829,0.16936,0.23894,1.00226
γ,0.07124,0.00718,0.05728,0.08408,1.00186
ρ,0.03092,0.00936,0.01596,0.04918,1.00356
i0,1389.22626,479.60693,671.61716,2351.43488,1.00417
R0,1.99343,0.18435,1.64778,2.33695,1.001
