,mean,sd,hdi_3%,hdi_97%,r_hat
β,0.43495,0.04414,0.36025,0.52163,1.00152
γ,0.07149,0.00729,0.05758,0.08507,1.00096
ρ,0.02981,0.00906,0.01473,0.04652,1.00231
i0,6.32607,4.3944,0.71548,13.82949,1.00165
R0,4.33589,0.57586,3.30991,5.41851,1.00072
