,mean,sd,hdi_3%,hdi_97%,r_hat
beta,0.29577,0.02571,0.25047,0.34606,1.00117
gamma,0.07492,0.02266,0.03823,0.11819,1.00192
rho,0.03898,0.01192,0.01945,0.06193,1.0037
i0,119.87443,38.07459,58.13996,191.72668,1.00472
R0,2.67419,0.37415,2.00116,3.36549,1.00118
