,mean,sd,hdi_3%,hdi_97%,r_hat
beta,0.32222,0.05457,0.23794,0.42353,1.00458
gamma,0.21267,0.0562,0.12585,0.31976,1.00409
rho,0.04274,0.0093,0.0255,0.06008,1.00398
i0,6742.5372,86.65913,6578.0,6903.0,1.00856
R0,1.26641,0.04793,1.18635,1.36259,1.00147
