,mean,sd,hdi_3%,hdi_97%,r_hat
β,0.48458,0.04787,0.4015,0.57875,1.00371
γ,0.12451,0.01219,0.10241,0.1483,1.00025
ρ,0.01639,0.00483,0.00816,0.02501,1.0003
i0,10.08816,6.92582,0.75702,22.37037,1.00131
R0,3.45986,0.40135,2.78528,4.2555,1.00101
