,mean,sd,hdi_3%,hdi_97%,r_hat
beta,0.21626,0.02844,0.16559,0.26765,1.00254
gamma,0.14222,0.02834,0.09439,0.19534,1.00285
rho,0.05563,0.00814,0.04158,0.07186,1.00132
i0,1774.3906,43.35099,1691.0,1853.0,1.00339
R0,1.0978,0.06434,0.98376,1.21794,1.00191
