,mean,sd,hdi_3%,hdi_97%,r_hat
beta,0.32141,0.05394,0.24,0.42059,1.00422
gamma,0.21195,0.05563,0.11959,0.3088,1.00431
rho,0.04289,0.00888,0.02617,0.05944,1.00322
i0,6737.3294,80.50147,6590.0,6884.0,1.00413
R0,37.29577,6.12879,27.40446,48.8182,1.0019
