,mean,sd,hdi_3%,hdi_97%,r_hat
β,0.131,0.0258,0.08502,0.1785,1.27095
γ,0.07994,0.0163,0.04854,0.10921,1.01219
ρ,0.0375,0.00752,0.02462,0.05257,1.00321
i0,3297.37191,872.29659,1784.8675,4984.00761,1.11757
R0,1.12274,0.19957,0.8057,1.47147,1.63341
