,mean,sd,hdi_3%,hdi_97%,r_hat
beta,0.35567,0.02681,0.30817,0.4055,1.00451
gamma,0.07416,0.02302,0.03476,0.11526,1.00314
rho,0.0389,0.01153,0.01968,0.06085,1.00241
i0,22.78273,7.14195,11.47554,36.69238,1.00256
R0,3.25626,0.51189,2.34287,4.2148,1.00467
