,mean,sd,hdi_3%,hdi_97%,r_hat
β,0.43718,0.04469,0.35564,0.51972,1.0018
γ,0.0713,0.00701,0.05857,0.08429,1.0018
ρ,0.03025,0.00918,0.01457,0.04686,0.99968
i0,6.04172,4.02413,0.59191,13.28557,1.00161
R0,4.34797,0.58651,3.3095,5.45585,1.00112
