,mean,sd,hdi_3%,hdi_97%,r_hat
beta,0.21365,0.02128,0.17414,0.25393,1.00314
gamma,0.07459,0.01498,0.04867,0.10434,1.00191
rho,0.03637,0.00755,0.0234,0.05074,1.00062
i0,1102.02247,294.07153,593.48664,1647.33937,1.00232
R0,1.94721,0.1989,1.61338,2.35691,1.00316
