,mean,sd,hdi_3%,hdi_97%,r_hat
beta,0.27644,0.02728,0.22852,0.32785,1.00055
gamma,0.0809,0.02497,0.03963,0.12743,1.0006
rho,0.03801,0.00954,0.02051,0.05627,1.00099
i0,530.29148,192.86592,265.56296,878.74298,1.00199
R0,2.39105,0.31577,1.81788,2.98102,1.00053
