,mean,sd,hdi_3%,hdi_97%,r_hat
β,0.24271,0.01901,0.20891,0.27835,1.00178
γ,0.12536,0.01246,0.10347,0.15037,1.00162
ρ,0.01629,0.00492,0.0083,0.02582,1.00308
i0,2622.42848,913.2307,1220.87266,4324.01232,1.00251
R0,1.71989,0.12146,1.49269,1.94223,1.00362
