,mean,sd,hdi_3%,hdi_97%,r_hat
β,0.20198,0.01841,0.16849,0.23762,1.0011
γ,0.07157,0.00716,0.05865,0.085,1.00172
ρ,0.03063,0.00961,0.0147,0.04898,1.00124
i0,1417.05632,503.72151,574.82337,2321.46235,1.00275
R0,1.98969,0.183,1.66029,2.33788,1.00158
