,mean,sd,hdi_3%,hdi_97%,r_hat
beta,0.39782,0.06236,0.28104,0.51894,1.00194
gamma,0.07408,0.02237,0.03581,0.11592,1.00137
rho,0.03849,0.01185,0.01941,0.06099,1.00057
i0,9.16906,4.44344,2.0752,17.1294,1.00148
R0,3.66012,0.7995,2.29224,5.1915,1.00137
