,mean,sd,hdi_3%,hdi_97%,r_hat
beta,0.51959,0.12165,0.30214,0.7515,1.00188
gamma,0.07539,0.02332,0.03665,0.11929,1.00036
rho,0.03372,0.00682,0.02123,0.04632,1.00078
i0,7.05355,6.23658,0.03962,17.68568,1.00114
R0,4.96046,1.51447,2.47381,7.80577,1.00119
