,mean,sd,hdi_3%,hdi_97%,r_hat
beta,0.35676,0.03118,0.2995,0.4132,1.0006
gamma,0.07777,0.02456,0.03584,0.12299,1.00094
rho,0.03501,0.00697,0.02306,0.04851,1.00156
i0,23.4642,8.59039,9.53288,40.09311,1.0002
R0,3.26842,0.52276,2.32333,4.2343,1.00066
