,mean,sd,hdi_3%,hdi_97%,r_hat
β,0.24376,0.01933,0.20833,0.282,1.00386
γ,0.12577,0.01247,0.10298,0.14866,1.00085
ρ,0.01667,0.00497,0.00812,0.02597,1.00139
i0,2553.42529,916.87203,1091.1708,4177.12915,1.00278
R0,1.71774,0.12204,1.49243,1.94121,1.00223
