,mean,sd,hdi_3%,hdi_97%,r_hat
beta,0.35346,0.02499,0.30947,0.3999,1.00154
gamma,0.07801,0.0241,0.03755,0.12365,1.00209
rho,0.03462,0.00348,0.02855,0.04146,1.0016
i0,19.17854,2.4441,14.79197,23.79863,1.00252
R0,3.23468,0.46737,2.38958,4.12173,1.00166
