,mean,sd,hdi_3%,hdi_97%,r_hat
beta,0.40807,0.04663,0.32839,0.50241,1.00147
gamma,0.0764,0.02343,0.03768,0.1211,1.00117
rho,0.03413,0.00338,0.02815,0.04062,1.00021
i0,8.64702,2.46836,4.24523,13.32371,1.00087
R0,3.81202,0.70359,2.56716,5.15098,1.00112
