,mean,sd,hdi_3%,hdi_97%,r_hat
beta,0.18251,0.02272,0.15189,0.22389,1.00112
gamma,0.02938,0.02196,0.00472,0.06708,1.00084
rho,0.00562,0.00113,0.00375,0.00793,1.00376
i0,1756.0248,42.05702,1678.0,1831.0,1.01363
R0,6.50379,2.63387,2.1021,11.30044,1.00081
