,mean,sd,hdi_3%,hdi_97%,r_hat
beta,0.42338,0.02593,0.37847,0.47492,1.00139
gamma,0.07501,0.02273,0.03866,0.11882,1.00284
rho,0.03333,0.0097,0.01771,0.05233,1.00299
i0,8.85226,2.70824,4.47858,14.15202,1.00309
R0,4.05251,0.6883,2.88569,5.37216,1.00167
