,mean,sd,hdi_3%,hdi_97%,r_hat
beta,0.81786,0.23396,0.47105,1.2072,1.4738
gamma,0.6915,0.37801,0.00875,1.17086,1.47596
rho,0.03636,0.01909,0.00112,0.05827,1.46958
i0,6737.8612,86.16864,6586.0,6899.0,1.00767
R0,4391.86601,8752.80505,15.18094,22463.50807,1.46886
