,mean,sd,hdi_3%,hdi_97%,r_hat
beta,0.9167,0.20749,0.58433,1.35944,1.06885
gamma,0.87793,0.20816,0.55716,1.33409,1.06863
rho,0.04455,0.00914,0.0249,0.06031,1.07028
i0,6737.1952,79.3854,6587.0,6880.0,1.00443
R0,0.99185,0.01215,0.97017,1.01308,1.05542
