,mean,sd,hdi_3%,hdi_97%,r_hat
beta,0.23536,0.01681,0.20498,0.26733,1.00032
gamma,0.07694,0.01568,0.05034,0.10664,0.99984
rho,0.03697,0.00966,0.01747,0.05363,1.00166
i0,245.85333,114.23268,100.44846,411.75981,1.00187
R0,2.10254,0.24912,1.67538,2.57102,1.00066
