,mean,sd,hdi_3%,hdi_97%,r_hat
β,0.23051,0.13612,0.07767,0.51761,1.09033
γ,0.12669,0.01275,0.10222,0.14857,1.00693
ρ,0.01124,0.00345,0.0055,0.01771,1.01642
i0,3580.19795,3677.64157,0.0011,9879.98275,1.08031
R0,1.68876,1.02713,0.59306,3.92001,1.10209
