,mean,sd,hdi_3%,hdi_97%,r_hat
beta,0.15161,0.0735,0.05226,0.25606,1.03709
gamma,0.07606,0.02342,0.03639,0.12005,1.01081
rho,0.03896,0.01169,0.01952,0.0603,1.00231
i0,1273.89955,648.57602,0.00814,2307.7316,1.05103
R0,1.35203,0.72785,0.47806,2.27017,1.03524
