,mean,sd,hdi_3%,hdi_97%,r_hat
beta,0.1245,0.02718,0.07349,0.17338,1.0355
gamma,0.07467,0.02292,0.03931,0.12246,1.00668
rho,0.0393,0.01202,0.01851,0.06153,1.00381
i0,2164.18567,684.78446,989.88931,3387.91134,1.00698
R0,1.09912,0.11133,0.89881,1.31265,1.43958
