,mean,sd,hdi_3%,hdi_97%,r_hat
beta,0.24001,0.02844,0.19421,0.29803,1.00269
gamma,0.13835,0.02789,0.0904,0.19125,1.00267
rho,0.0494,0.0096,0.03149,0.06725,1.00103
i0,1770.042,42.22928,1684.0,1844.0,1.0063
R0,1.28997,0.11,1.09778,1.49858,1.00104
