,mean,sd,hdi_3%,hdi_97%,r_hat
β,0.14252,0.09013,0.0444,0.31734,1.18305
γ,0.07249,0.00729,0.05891,0.08597,1.00513
ρ,0.01141,0.00355,0.00555,0.0178,1.01324
i0,3690.37739,3516.98499,0.00183,9336.98529,1.16556
R0,1.72038,1.12198,0.42853,3.76461,1.19927
