,mean,sd,hdi_3%,hdi_97%,r_hat
beta,0.12725,0.02,0.10025,0.16536,1.00413
gamma,0.02676,0.01927,0.0054,0.0617,1.00451
rho,0.05106,0.00974,0.0331,0.06973,1.00255
i0,1768.617,41.32642,1688.0,1844.0,1.0028
R0,1.70826,0.36607,1.15936,2.36943,1.00391
