,mean,sd,hdi_3%,hdi_97%,r_hat
beta,0.29242,0.02974,0.238,0.34912,1.00428
gamma,0.1329,0.02742,0.08462,0.18557,1.00235
rho,0.05007,0.01005,0.03111,0.06875,1.00219
i0,1770.3286,41.7414,1692.0,1849.0,1.00585
R0,1.6217,0.19362,1.28257,1.97854,1.00072
