,mean,sd,hdi_3%,hdi_97%,r_hat
beta,0.18408,0.02384,0.14789,0.22849,1.00254
gamma,0.02903,0.02108,0.00545,0.06703,1.00193
rho,0.05359,0.0098,0.0348,0.07103,1.00364
i0,1771.0588,40.93993,1700.0,1852.0,1.00223
R0,2.34433,0.54737,1.44627,3.28627,1.00217
