,mean,sd,hdi_3%,hdi_97%,r_hat
β,0.32569,0.03825,0.25511,0.39804,1.00296
γ,0.07191,0.00716,0.05882,0.08522,1.00216
ρ,0.09309,0.02791,0.04536,0.1472,1.00156
i0,664.40723,262.61381,234.1679,1154.33885,1.00258
R0,2.00253,0.23385,1.57697,2.42869,1.00024
