,mean,sd,hdi_3%,hdi_97%,r_hat
beta,0.25858,0.02663,0.21209,0.30736,1.00101
gamma,0.07589,0.02364,0.03893,0.12245,1.00083
rho,0.03885,0.01188,0.01843,0.06071,1.00144
i0,1744.62111,547.4712,915.24323,2837.73726,1.00162
R0,2.31989,0.30811,1.77288,2.89848,1.0011
