,mean,sd,hdi_3%,hdi_97%,r_hat
beta,0.25521,0.02485,0.21298,0.30434,1.00627
gamma,0.07517,0.02229,0.03818,0.1171,1.00306
rho,0.03923,0.01183,0.01899,0.06065,1.00211
i0,1788.07329,548.95269,859.78643,2814.00206,1.00205
R0,2.28838,0.27926,1.80917,2.81505,1.00364
