,mean,sd,hdi_3%,hdi_97%,r_hat
β,0.30196,0.03294,0.24222,0.36238,1.00295
γ,0.07167,0.00707,0.05885,0.0848,1.00026
ρ,0.09427,0.02893,0.04684,0.15035,1.00203
i0,800.36917,294.26729,321.53186,1343.08848,1.00371
R0,1.8449,0.16884,1.52427,2.15058,1.00116
