,mean,sd,hdi_3%,hdi_97%,r_hat
beta,0.27748,0.02567,0.23232,0.32648,1.00092
gamma,0.07492,0.02197,0.03698,0.1147,1.00095
rho,0.03889,0.01166,0.0197,0.0606,1.0033
i0,1511.61767,458.02767,772.52588,2394.36071,1.00364
R0,2.50574,0.33523,1.91591,3.13241,1.00097
