,mean,sd,hdi_3%,hdi_97%,r_hat
β,0.32543,0.05968,0.23108,0.43549,1.00214
γ,0.07304,0.02183,0.03772,0.11686,1.00109
ρ,0.10836,0.05379,0.02569,0.2006,1.00209
i0,727.0009,402.6094,157.76542,1422.75952,1.00215
R0,1.86964,0.28252,1.4073,2.40705,1.00148
