,mean,sd,hdi_3%,hdi_97%,r_hat
β,0.26933,0.06007,0.17252,0.38363,1.00327
γ,0.07547,0.02259,0.03851,0.11946,0.99992
ρ,0.11683,0.05581,0.0328,0.2187,1.00228
i0,3239.7485,1631.27484,843.31919,6066.32603,1.0019
R0,1.4373,0.15153,1.19269,1.72573,1.00054
