,mean,sd,hdi_3%,hdi_97%,r_hat
β,0.36091,0.05204,0.27933,0.44834,1.00524
γ,0.07172,0.00696,0.05847,0.08428,1.00188
ρ,0.09282,0.02802,0.0464,0.14541,1.00146
i0,532.20035,211.61669,189.54667,945.30744,1.00697
R0,2.22928,0.35144,1.69594,2.8094,1.00674
