,mean,sd,hdi_3%,hdi_97%,r_hat
β,0.4222,0.06214,0.31039,0.53315,1.00131
γ,0.07258,0.02148,0.03424,0.11275,1.0006
ρ,0.10607,0.05078,0.03009,0.19871,1.00275
i0,93.94899,57.93499,11.29156,191.65156,1.00227
R0,2.48833,0.48997,1.68092,3.42039,1.00171
