,mean,sd,hdi_3%,hdi_97%,r_hat
beta,0.23642,0.02607,0.18721,0.28418,1.00528
gamma,0.07636,0.0233,0.03573,0.11892,1.00161
rho,0.03959,0.01184,0.01969,0.06116,1.00208
i0,2164.67933,645.99802,1079.32786,3366.08157,1.00221
R0,2.09054,0.24597,1.63316,2.52415,1.00449
