,mean,sd,hdi_3%,hdi_97%,r_hat
β,0.28775,0.06041,0.19271,0.4062,1.00249
γ,0.07464,0.02248,0.03783,0.11785,1.00128
ρ,0.1167,0.05589,0.03255,0.21999,1.00257
i0,2159.8532,1155.1271,531.4003,4227.74548,1.00302
R0,1.55102,0.18291,1.25241,1.89766,1.00112
