,mean,sd,hdi_3%,hdi_97%,r_hat
β,0.52007,0.08152,0.35675,0.67061,1.0017
γ,0.07154,0.00691,0.05821,0.08385,1.00134
ρ,0.09126,0.02706,0.04564,0.14142,1.00127
i0,46.22873,27.98678,1.33961,93.00951,1.00215
R0,3.25779,0.62294,2.1118,4.34891,1.00049
