,mean,sd,hdi_3%,hdi_97%,r_hat
β,0.29765,0.03351,0.23947,0.36019,1.00366
γ,0.07172,0.00713,0.05917,0.08581,1.00047
ρ,0.09439,0.02851,0.0462,0.14662,1.00182
i0,805.01108,282.3562,310.58271,1301.93249,1.00337
R0,1.81555,0.17284,1.50131,2.13742,0.99968
