,mean,sd,hdi_3%,hdi_97%,r_hat
β,0.26961,0.03064,0.21559,0.32748,1.0032
γ,0.07174,0.00735,0.05821,0.08537,1.00367
ρ,0.09516,0.02841,0.04705,0.1494,1.00313
i0,1111.56604,375.04105,450.85441,1792.80276,1.00319
R0,1.63367,0.12228,1.4165,1.87299,1.00154
