,mean,sd,hdi_3%,hdi_97%,r_hat
β,0.3166,0.03026,0.26394,0.37496,1.00642
γ,0.07168,0.00715,0.05885,0.08524,1.00203
ρ,0.09317,0.02746,0.04761,0.1471,1.00526
i0,262.00224,97.45343,106.76718,444.7122,1.00441
R0,1.94721,0.17407,1.63581,2.27485,1.00383
