,mean,sd,hdi_3%,hdi_97%,r_hat
beta,0.31544,0.0291,0.26613,0.37432,1.00211
gamma,0.07474,0.02346,0.03635,0.11816,1.00084
rho,0.03888,0.01241,0.01865,0.06101,1.00366
i0,1262.16481,390.58977,612.43519,2020.65929,1.00359
R0,2.86948,0.44422,2.07606,3.70594,1.00147
