,mean,sd,hdi_3%,hdi_97%,r_hat
beta,0.34142,0.03146,0.28285,0.39936,1.00112
gamma,0.07552,0.02299,0.03979,0.12291,1.00154
rho,0.03951,0.01207,0.01993,0.06338,1.00269
i0,321.98408,102.37086,154.94058,516.63379,1.00236
R0,3.06597,0.48787,2.1769,3.94449,1.00112
