,mean,sd,hdi_3%,hdi_97%,r_hat
beta,0.77113,0.14463,0.51784,1.05462,1.07698
gamma,0.735,0.14564,0.47785,1.01988,1.07539
rho,0.04553,0.00816,0.03088,0.06103,1.06081
i0,5916.882,75.62332,5782.0,6060.0,1.00618
