,mean,sd,hdi_3%,hdi_97%,r_hat
beta,0.14676,0.01921,0.12097,0.1807,1.00142
gamma,0.02692,0.01879,0.00518,0.0603,1.00087
rho,0.03336,0.004,0.02595,0.04086,1.00101
i0,5913.2988,75.90506,5776.0,6058.0,1.00981
R0,2.55216,0.43998,1.73997,3.36962,1.00285
