,mean,sd,hdi_3%,hdi_97%,r_hat
beta,0.13915,0.01712,0.10819,0.17043,1.0005
gamma,0.08375,0.01675,0.05316,0.11452,1.00078
rho,0.03657,0.00945,0.01902,0.05425,1.00177
i0,44652.83554,16024.2078,20666.74448,70935.16466,1.0022
R0,1.16746,0.10573,0.96734,1.35644,1.00138
