,mean,sd,hdi_3%,hdi_97%,r_hat
β,0.24136,0.03265,0.1854,0.29951,1.00273
γ,0.07218,0.0074,0.05889,0.08656,1.00066
ρ,0.09661,0.03023,0.04845,0.15341,1.00253
i0,3596.13225,1192.41997,1602.94163,5797.93153,1.0027
R0,1.4444,0.10473,1.25143,1.63143,1.00027
