,mean,sd,hdi_3%,hdi_97%,r_hat
beta,0.35325,0.07482,0.23114,0.49548,1.00316
gamma,0.29937,0.07705,0.17383,0.45091,1.00298
rho,0.04397,0.00869,0.02744,0.05976,1.0032
i0,6745.9746,82.68126,6584.0,6895.0,1.00476
R0,28.14102,5.39612,20.08814,38.8017,1.00265
