,mean,sd,hdi_3%,hdi_97%,r_hat
beta,0.77747,0.16014,0.50823,1.09734,1.02726
gamma,0.74144,0.16118,0.46742,1.06149,1.02708
rho,0.04561,0.0089,0.02778,0.06134,1.02624
i0,5913.2914,77.24138,5763.0,6048.0,1.00831
R0,1.05119,0.01338,1.02754,1.07535,1.02057
