,mean,sd,hdi_3%,hdi_97%,r_hat
beta,0.24262,0.02693,0.19303,0.29108,1.00163
gamma,0.08259,0.02535,0.03902,0.12919,1.00217
rho,0.03815,0.00957,0.0203,0.05558,1.00095
i0,9647.02222,3157.40565,4964.77092,15331.89238,1.00181
R0,2.05839,0.23521,1.62367,2.48564,1.00163
