,mean,sd,hdi_3%,hdi_97%,r_hat
beta,0.2602,0.03705,0.19781,0.32747,1.00114
gamma,0.08179,0.03469,0.02891,0.14652,1.00201
rho,0.03932,0.01196,0.01944,0.06217,1.00005
i0,850.3946,267.08658,407.06665,1350.44754,1.00015
R0,2.24754,0.358,1.62268,2.93355,1.00095
