,mean,sd,hdi_3%,hdi_97%,r_hat
beta,0.35493,0.07443,0.22986,0.48689,1.00262
gamma,0.30117,0.07663,0.17433,0.44188,1.00232
rho,0.04382,0.0087,0.02827,0.06059,1.00353
i0,6748.9764,80.68666,6594.0,6894.0,1.00468
R0,1.02796,0.02944,0.97124,1.08228,1.00208
