,mean,sd,hdi_3%,hdi_97%,r_hat
β,0.2889,0.03135,0.23184,0.34574,1.00272
γ,0.12599,0.0126,0.10316,0.1496,1.00262
ρ,0.09006,0.0273,0.04504,0.14018,1.00057
i0,3827.8147,1244.77295,1787.66183,6176.44504,1.00227
R0,1.34342,0.06977,1.21387,1.47531,1.00115
