,mean,sd,hdi_3%,hdi_97%,r_hat
beta,0.27736,0.0265,0.23076,0.32784,1.00039
gamma,0.07682,0.02315,0.03877,0.12057,1.00166
rho,0.03889,0.01177,0.01897,0.06046,1.00105
i0,632.96109,196.19624,305.83421,988.74334,1.00135
R0,2.46714,0.33008,1.92861,3.1286,1.00035
