,mean,sd,hdi_3%,hdi_97%,r_hat
beta,0.48397,0.11148,0.2988,0.70032,1.00087
gamma,0.07577,0.02265,0.03597,0.11693,1.00085
rho,0.03589,0.00715,0.02296,0.04924,1.0005
i0,166.03808,130.75783,1.13625,391.25912,1.001
R0,4.49846,1.34085,2.42563,7.12915,1.00039
