,mean,sd,hdi_3%,hdi_97%,r_hat
beta,0.56148,0.13451,0.35545,0.80414,1.01069
gamma,0.51993,0.13571,0.30752,0.76164,1.01054
rho,0.04409,0.00908,0.02692,0.06084,1.01132
i0,5914.6572,78.06955,5775.0,6068.0,1.0055
R0,1.08539,0.02378,1.04401,1.12975,1.00886
