,mean,sd,hdi_3%,hdi_97%,r_hat
β,0.39925,0.05433,0.30963,0.5018,1.00291
γ,0.07229,0.0212,0.03707,0.11416,1.00178
ρ,0.10549,0.0476,0.03106,0.19331,1.0013
i0,111.04327,61.86403,24.24524,219.00378,1.00307
R0,2.35069,0.41288,1.66593,3.12641,1.00104
