,mean,sd,hdi_3%,hdi_97%,r_hat
beta,0.28403,0.0295,0.23049,0.33943,1.00016
gamma,0.0738,0.02195,0.03583,0.11363,1.00024
rho,0.03895,0.01235,0.01866,0.06128,1.00107
i0,1442.35271,460.79652,720.85552,2343.38938,1.00191
R0,2.59537,0.38797,1.94025,3.34177,1.0002
