,mean,sd,hdi_3%,hdi_97%,r_hat
beta,0.267,0.02928,0.21516,0.32212,1.00155
gamma,0.08113,0.02529,0.03913,0.1287,1.00081
rho,0.03674,0.00741,0.02399,0.05153,1.00263
i0,854.23759,257.29958,403.84258,1338.86144,1.00214
R0,2.32679,0.31472,1.73367,2.89254,1.0011
