,mean,sd,hdi_3%,hdi_97%,r_hat
β,0.15229,0.03129,0.09871,0.21225,1.00228
γ,0.07281,0.00706,0.0593,0.08561,1.00033
ρ,0.11076,0.0309,0.06039,0.16991,1.00149
i0,8053.53556,2279.096,4270.00707,12253.64024,1.00118
R0,0.82511,0.04147,0.74599,0.89735,1.00248
