,mean,sd,hdi_3%,hdi_97%,r_hat
beta,0.24184,0.02598,0.19401,0.29041,1.00264
gamma,0.07531,0.0234,0.03526,0.11863,1.00172
rho,0.03895,0.01203,0.01983,0.061,1.00276
i0,2050.88566,622.83084,998.99603,3245.00754,1.00257
R0,2.17259,0.26513,1.67636,2.64276,1.00308
