,mean,sd,hdi_3%,hdi_97%,r_hat
β,0.3858,0.03457,0.32504,0.4511,1.00122
γ,0.07165,0.00714,0.05878,0.08543,1.00066
ρ,0.09283,0.02757,0.04617,0.14426,1.00049
i0,112.94014,45.71391,40.73066,197.16461,1.00103
R0,2.38538,0.26478,1.89183,2.86752,1.00091
