,mean,sd,hdi_3%,hdi_97%,r_hat
beta,0.18676,0.01971,0.15166,0.2261,1.00133
gamma,0.07577,0.01532,0.04827,0.10434,1.00227
rho,0.03679,0.00737,0.02434,0.05134,1.00047
i0,8832.81096,2040.3776,5375.80627,12766.46859,1.00212
R0,1.67429,0.14151,1.41971,1.93787,1.00103
