,mean,sd,hdi_3%,hdi_97%,r_hat
beta,0.3283,0.04952,0.25395,0.41206,1.09947
gamma,0.21869,0.05064,0.14451,0.30567,1.09471
rho,0.04387,0.00847,0.02869,0.05959,1.09698
i0,5914.2136,78.74939,5774.0,6073.0,1.03839
