,mean,sd,hdi_3%,hdi_97%,r_hat
beta,0.32993,0.03009,0.27213,0.3853,1.00183
gamma,0.07174,0.02117,0.03637,0.11304,1.00133
rho,0.03773,0.01113,0.01894,0.05788,1.00267
i0,280.14166,110.35228,104.8014,493.50604,1.00164
R0,3.10973,0.50034,2.21985,4.00681,1.00224
