,mean,sd,hdi_3%,hdi_97%,r_hat
beta,0.18855,0.00864,0.17457,0.20546,1.0014
gamma,0.03134,0.00925,0.01635,0.04856,1.00098
rho,0.03706,0.0088,0.02131,0.05389,1.00107
i0,6743.849,80.4605,6578.0,6879.0,1.00584
R0,2.77642,0.27755,2.24749,3.30138,1.00058
