,mean,sd,hdi_3%,hdi_97%,r_hat
beta,0.3436,0.039,0.27453,0.41799,1.00194
gamma,0.0788,0.03288,0.02834,0.13987,1.00169
rho,0.03924,0.01214,0.01929,0.06242,1.00094
i0,326.75408,105.9676,152.2643,527.67792,1.0007
R0,3.07097,0.61224,2.00134,4.18966,1.00135
