,mean,sd,hdi_3%,hdi_97%,r_hat
beta,0.19991,0.01663,0.16981,0.23026,1.00117
gamma,0.078,0.01604,0.04977,0.10764,1.00125
rho,0.03673,0.00984,0.01848,0.05513,1.00216
i0,5535.86192,2226.51464,2568.5786,9081.84874,1.00182
R0,1.76955,0.19713,1.41514,2.12105,1.00144
