,mean,sd,hdi_3%,hdi_97%,r_hat
β,0.43504,0.0338,0.3766,0.50202,1.00182
γ,0.12508,0.01245,0.10201,0.14763,1.00206
ρ,0.08773,0.02613,0.04492,0.13838,1.00102
i0,118.32978,48.45957,44.34544,207.8751,1.00245
R0,2.06276,0.17166,1.7554,2.38513,1.00154
