,mean,sd,hdi_3%,hdi_97%,r_hat
beta,0.33611,0.05495,0.25425,0.44112,1.00909
gamma,0.22649,0.05599,0.13589,0.32876,1.00889
rho,0.04269,0.00886,0.02648,0.05959,1.00928
i0,5911.271,74.6946,5768.0,6052.0,1.00483
R0,1.51145,0.12097,1.29139,1.74105,1.00836
