,mean,sd,hdi_3%,hdi_97%,r_hat
β,0.26488,0.05802,0.17057,0.37401,1.00286
γ,0.07515,0.02181,0.0392,0.117,1.00172
ρ,0.11719,0.05535,0.03419,0.21813,1.00208
i0,3321.90819,1656.6225,998.4319,6498.62961,1.00204
R0,1.40948,0.13216,1.18075,1.65122,1.00188
