,mean,sd,hdi_3%,hdi_97%,r_hat
beta,0.18891,0.00982,0.1727,0.20699,1.00829
gamma,0.03188,0.01031,0.01563,0.04941,1.00533
rho,0.03694,0.0092,0.01874,0.05322,1.00615
i0,6740.4484,82.06639,6594.0,6892.0,1.00685
R0,175.96624,31.42778,120.7186,234.92137,1.00134
