,mean,sd,hdi_3%,hdi_97%,r_hat
beta,0.26631,0.0311,0.2107,0.3247,1.00043
gamma,0.08121,0.02503,0.04018,0.12801,1.00031
rho,0.03808,0.00955,0.02066,0.0562,1.00053
i0,11282.50556,5135.94776,3634.98567,20883.29644,1.00162
R0,2.29363,0.3242,1.73155,2.90691,1.00017
