,mean,sd,hdi_3%,hdi_97%,r_hat
beta,0.27919,0.02658,0.23409,0.33243,1.00187
gamma,0.07589,0.02324,0.03791,0.11951,1.00151
rho,0.03906,0.01194,0.01865,0.06107,1.00083
i0,724.72659,228.62599,338.02591,1148.53055,1.00086
R0,2.49881,0.33318,1.91142,3.13263,1.00106
