,mean,sd,hdi_3%,hdi_97%,r_hat
beta,0.3434,0.02876,0.29206,0.40085,1.00194
gamma,0.07461,0.02315,0.03897,0.12042,1.00211
rho,0.03885,0.01174,0.01919,0.06188,1.00091
i0,321.54452,106.19417,152.12544,524.12399,1.0008
R0,3.13351,0.50226,2.24941,4.08395,1.00218
