,mean,sd,hdi_3%,hdi_97%,r_hat
beta,0.34016,0.03159,0.28456,0.4044,1.00151
gamma,0.07518,0.02271,0.03596,0.11595,1.0042
rho,0.03911,0.01189,0.01962,0.06192,1.0017
i0,327.33768,107.32028,152.99401,527.18407,1.00136
R0,3.07499,0.49419,2.27292,4.05457,1.00116
