,mean,sd,hdi_3%,hdi_97%,r_hat
beta,0.22849,0.02935,0.18542,0.2789,1.00484
gamma,0.03059,0.02526,0.00512,0.07197,1.00276
rho,0.0449,0.00959,0.02583,0.06135,1.00301
i0,5917.1736,79.17189,5762.0,6052.0,1.00328
R0,3.26211,0.88633,1.80537,4.8567,1.0029
