,mean,sd,hdi_3%,hdi_97%,r_hat
beta,0.2545,0.02826,0.20471,0.31023,1.00302
gamma,0.13682,0.0276,0.0854,0.18852,1.00299
rho,0.04375,0.00947,0.02606,0.06142,1.00475
i0,5917.8338,77.19248,5772.0,6063.0,1.00447
R0,1.42522,0.13275,1.19861,1.67812,1.00217
