,mean,sd,hdi_3%,hdi_97%,r_hat
beta,0.12378,0.03121,0.06456,0.18103,1.08958
gamma,0.08445,0.02573,0.04275,0.13338,1.01155
rho,0.04132,0.01258,0.01939,0.06475,1.00451
i0,12219.89579,3870.57197,5913.60679,19549.51919,1.00963
R0,0.98755,0.14431,0.69211,1.23595,1.68176
