,mean,sd,hdi_3%,hdi_97%,r_hat
beta,0.13106,0.02765,0.08553,0.18259,1.01098
gamma,0.08968,0.02582,0.04691,0.13858,1.01651
rho,0.03913,0.01119,0.02002,0.05903,1.06873
i0,16506.83173,4965.28048,8757.96618,26114.31611,1.06906
R0,1.01794,0.00517,1.00923,1.02783,1.05317
