,mean,sd,hdi_3%,hdi_97%,r_hat
beta,0.89883,0.12055,0.7224,1.10111,4.13031
gamma,0.87496,0.11761,0.70268,1.07242,4.17464
rho,0.05747,0.01141,0.03977,0.07765,3.39745
i0,5924.2466,75.78528,5770.0,6057.0,1.03767
R0,1.02732,0.00118,1.02618,1.02955,1.09589
