,mean,sd,hdi_3%,hdi_97%,r_hat
beta,0.33491,0.03103,0.27773,0.39242,1.00049
gamma,0.13244,0.02718,0.08419,0.18204,1.00135
rho,0.04222,0.00998,0.02313,0.06087,1.0029
i0,5913.3818,74.27216,5780.0,6054.0,1.00161
R0,1.95157,0.25354,1.50505,2.43531,1.00216
