,mean,sd,hdi_3%,hdi_97%,r_hat
beta,0.12926,0.02766,0.08146,0.18245,1.01622
gamma,0.0836,0.02495,0.03953,0.1299,1.00269
rho,0.04085,0.01245,0.02046,0.06493,1.00455
i0,12651.82616,3919.27745,6290.0903,19695.91806,1.00515
R0,1.04103,0.05369,0.92482,1.12588,1.43941
