,mean,sd,hdi_3%,hdi_97%,r_hat
β,0.11611,0.02179,0.07644,0.15422,1.27337
γ,0.07278,0.00735,0.06001,0.08698,1.00974
ρ,0.03643,0.01191,0.01628,0.0572,1.00703
i0,13715.16239,4762.4718,5850.85644,22775.18145,1.01772
R0,1.06721,0.176,0.78282,1.40618,1.68555
