,mean,sd,hdi_3%,hdi_97%,r_hat
β,0.17482,0.02228,0.13372,0.21623,1.21008
γ,0.1271,0.01247,0.10443,0.15144,1.00186
ρ,0.03515,0.0104,0.01863,0.05516,1.00263
i0,13604.37389,4329.15335,6059.23912,21287.83431,1.027
R0,1.07909,0.10556,0.87146,1.27403,1.43738
