,mean,sd,hdi_3%,hdi_97%,r_hat
β,0.10222,0.01488,0.07352,0.12772,1.08928
γ,0.07326,0.00668,0.06023,0.08646,1.42011
ρ,0.03739,0.01033,0.02004,0.05946,1.42262
i0,14026.4825,4648.45916,6986.69391,22726.09858,1.06948
R0,0.92261,0.07775,0.78577,1.01506,1.41941
