,mean,sd,hdi_3%,hdi_97%,r_hat
beta,0.15035,0.02795,0.09984,0.20057,1.00508
gamma,0.08276,0.02481,0.04215,0.13092,1.00311
rho,0.04122,0.01297,0.01943,0.06428,1.00404
i0,9284.02948,2890.36941,4296.77786,14758.30594,1.00419
R0,1.22336,0.0641,1.11667,1.3449,1.003
