,mean,sd,hdi_3%,hdi_97%,r_hat
beta,0.67993,0.47606,0.01599,1.24878,2.69326
gamma,0.64146,0.48357,0.00832,1.21084,2.48663
rho,0.0492,0.01477,0.0243,0.07527,1.7637
i0,5920.9876,78.15136,5768.0,6059.0,1.00703
R0,1.86389,2.52467,0.00873,5.42074,1.7032
