,mean,sd,hdi_3%,hdi_97%,r_hat
β,0.08474,0.02046,0.04969,0.12273,1.25682
γ,0.07414,0.00729,0.06017,0.08734,1.00135
ρ,0.03903,0.01228,0.01884,0.06147,1.0396
i0,18915.66438,6192.35753,8287.00513,30323.57722,1.01176
R0,0.7511,0.17146,0.49045,1.04473,1.4382
