,mean,sd,hdi_3%,hdi_97%,r_hat
β,0.37424,0.02023,0.33716,0.41175,1.00295
γ,0.12537,0.01262,0.10288,0.15002,1.00121
ρ,0.04851,0.01461,0.02414,0.07485,1.00358
i0,563.37591,178.02615,259.57305,882.10017,1.00148
R0,2.16656,0.13452,1.90958,2.41817,1.00288
