,mean,sd,hdi_3%,hdi_97%,r_hat
β,0.22898,0.02085,0.18943,0.2655,1.00139
γ,0.12648,0.01288,0.10205,0.15063,1.0016
ρ,0.04953,0.01545,0.02348,0.07924,1.00011
i0,15775.08477,5176.05502,7612.72843,25244.79238,1.00062
R0,1.3049,0.05548,1.20839,1.41282,1.00183
