,mean,sd,hdi_3%,hdi_97%,r_hat
beta,0.26674,0.03126,0.20822,0.32153,1.00068
gamma,0.08104,0.02448,0.03997,0.12673,1.00048
rho,0.03779,0.0097,0.0203,0.05642,1.00027
i0,12839.19327,6456.15217,3296.78533,23784.62137,1.00051
R0,2.30628,0.33204,1.7081,2.89586,1.00059
