,mean,sd,hdi_3%,hdi_97%,r_hat
β,0.51239,0.12264,0.28795,0.72088,1.00912
γ,0.07142,0.007,0.05776,0.08409,1.00081
ρ,0.02968,0.00894,0.01517,0.04705,1.00057
i0,23.51424,44.68513,0.00137,94.17385,1.00166
R0,5.12772,1.36163,2.64287,7.71046,1.00741
