,mean,sd,hdi_3%,hdi_97%,r_hat
beta,0.2222,0.01678,0.19678,0.25373,1.00335
gamma,0.0682,0.01822,0.03869,0.10262,1.00321
rho,0.03968,0.0086,0.02339,0.05492,1.00334
i0,6739.843,80.93765,6593.0,6889.0,1.00574
R0,3.41856,0.65505,2.29108,4.70593,1.0029
