,mean,sd,hdi_3%,hdi_97%,r_hat
beta,0.51078,0.11228,0.33014,0.71328,1.00362
gamma,0.46186,0.11419,0.27776,0.67123,1.00356
rho,0.04422,0.0087,0.02898,0.06129,1.00309
i0,6749.6498,83.51021,6596.0,6904.0,1.00547
R0,1.11312,0.03315,1.0588,1.17894,1.00313
