,mean,sd,hdi_3%,hdi_97%,r_hat
beta,0.33539,0.07818,0.22064,0.48246,1.00562
gamma,0.29883,0.07938,0.17713,0.44684,1.00563
rho,0.04416,0.00928,0.02775,0.06242,1.00484
i0,862.2696,29.94525,806.0,918.0,1.01254
R0,26.74877,5.74004,17.97961,37.34249,1.00463
