,mean,sd,hdi_3%,hdi_97%,r_hat
beta,0.28064,0.02637,0.23559,0.33222,1.00311
gamma,0.07481,0.02285,0.03717,0.11761,1.00564
rho,0.03867,0.01192,0.01838,0.06123,1.00037
i0,753.85966,244.70049,343.94555,1209.95381,1.00081
R0,2.54728,0.35137,1.93304,3.22123,1.003
