,mean,sd,hdi_3%,hdi_97%,r_hat
beta,0.14648,0.01744,0.11608,0.18034,1.00333
gamma,0.08289,0.01692,0.05237,0.11386,1.00302
rho,0.03682,0.00951,0.01921,0.05466,1.00164
i0,28342.57001,11374.05236,12275.5638,47877.76049,1.00295
R0,1.23693,0.11794,1.03378,1.45863,1.00042
