,mean,sd,hdi_3%,hdi_97%,r_hat
β,0.54725,0.14686,0.27392,0.83748,1.00486
γ,0.12434,0.01248,0.10103,0.14766,1.00094
ρ,0.0298,0.00907,0.01479,0.04641,1.00036
i0,26.75936,50.98601,0.00452,112.15568,1.00445
R0,3.57886,1.01214,1.55464,5.61529,1.00423
