,mean,sd,hdi_3%,hdi_97%,r_hat
beta,0.27827,0.0275,0.2311,0.32828,1.00199
gamma,0.08067,0.02537,0.03842,0.12712,1.00119
rho,0.03824,0.00955,0.02116,0.0566,1.002
i0,2699.19747,945.23991,1319.49507,4320.57699,1.00168
R0,2.40727,0.31579,1.86739,3.03689,1.00103
