,mean,sd,hdi_3%,hdi_97%,r_hat
beta,0.253,0.03286,0.1871,0.31289,1.00421
gamma,0.07414,0.01537,0.04509,0.10129,1.00069
rho,0.0363,0.00738,0.02316,0.04989,1.00114
i0,3870.19329,1379.59624,1444.34648,6477.85508,1.00236
R0,2.32317,0.35105,1.70985,2.99214,1.00109
