,mean,sd,hdi_3%,hdi_97%,r_hat
β,0.50646,0.12997,0.27377,0.74446,1.01107
γ,0.07126,0.00707,0.05882,0.08477,1.00046
ρ,0.0299,0.00925,0.01497,0.04786,1.00066
i0,24.30186,46.43363,0.00501,101.56899,1.00719
R0,5.07051,1.43964,2.39327,7.87004,1.01105
