,mean,sd,hdi_3%,hdi_97%,r_hat
beta,0.10874,0.0192,0.08413,0.14293,1.00574
gamma,0.0264,0.01886,0.00497,0.06009,1.00765
rho,0.0535,0.00896,0.03665,0.07049,1.00223
i0,6750.7398,83.61929,6600.0,6921.0,1.00253
R0,1.40152,0.23544,1.03656,1.85859,1.00217
