,mean,sd,hdi_3%,hdi_97%,r_hat
beta,0.18941,0.01144,0.17184,0.20645,1.00819
gamma,0.032,0.01194,0.0161,0.05105,1.00976
rho,0.03679,0.00933,0.01809,0.05332,1.00832
i0,6740.3216,83.03545,6591.0,6893.0,1.00559
R0,6.43699,1.67246,3.33126,9.39151,1.00932
