,mean,sd,hdi_3%,hdi_97%,r_hat
beta,0.18396,0.02195,0.15532,0.228,1.00656
gamma,0.02884,0.02118,0.00537,0.06803,1.0044
rho,0.00741,0.00141,0.00499,0.01011,1.00104
i0,6734.581,83.68544,6583.0,6884.0,1.00425
R0,6.17086,2.31373,2.26477,10.35086,1.00486
