,mean,sd,hdi_3%,hdi_97%,r_hat
beta,0.3325,0.07164,0.22014,0.4699,1.00336
gamma,0.29587,0.07292,0.17494,0.43007,1.00298
rho,0.04422,0.0089,0.02786,0.06152,1.00435
i0,863.0462,28.50366,810.0,919.0,1.00849
R0,0.97395,0.03237,0.91521,1.03334,1.00227
