,mean,sd,hdi_3%,hdi_97%,r_hat
beta,0.53984,0.13352,0.28742,0.76884,1.01256
gamma,0.07252,0.02216,0.03422,0.11336,1.00178
rho,0.03641,0.01076,0.01796,0.05665,1.00164
i0,14.15832,31.11067,0.0044,57.98418,1.00333
R0,5.17093,1.64836,2.44725,8.81501,1.01092
