,mean,sd,hdi_3%,hdi_97%,r_hat
beta,0.32936,0.04739,0.24317,0.42357,1.00002
gamma,0.07386,0.0221,0.03554,0.1152,1.00104
rho,0.03868,0.01193,0.01822,0.06021,1.00161
i0,127.0374,46.85561,46.72875,208.69841,1.00094
R0,3.02105,0.5865,2.01197,4.16192,1.0009
