,mean,sd,hdi_3%,hdi_97%,r_hat
beta,0.38658,0.04264,0.31343,0.47113,1.00145
gamma,0.07939,0.03345,0.02704,0.14105,1.00053
rho,0.03936,0.01223,0.01977,0.06269,1.00127
i0,91.53133,37.14253,32.26309,159.07973,1.00125
R0,3.44688,0.73448,2.13508,4.74904,1.0009
