,mean,sd,hdi_3%,hdi_97%,r_hat
beta,0.29048,0.02729,0.24226,0.34194,1.00342
gamma,0.0769,0.0233,0.03837,0.11982,1.00439
rho,0.03956,0.01246,0.01938,0.063,1.00364
i0,276.38476,91.12069,121.12111,439.90311,1.00331
R0,2.57231,0.36222,1.95504,3.28817,1.00308
