,mean,sd,hdi_3%,hdi_97%,r_hat
beta,0.18187,0.01935,0.15408,0.21531,1.00737
gamma,0.06846,0.02069,0.03712,0.10593,1.00609
rho,0.03999,0.00916,0.02376,0.05828,1.00468
i0,857.789,29.2867,804.0,915.0,1.03127
R0,1.68535,0.12426,1.44471,1.90577,1.00112
