,mean,sd,hdi_3%,hdi_97%,r_hat
beta,0.51536,0.11347,0.34355,0.74466,1.01479
gamma,0.46646,0.11531,0.28943,0.69741,1.01477
rho,0.0439,0.0088,0.02764,0.05968,1.0139
i0,6745.2948,80.70064,6592.0,6890.0,1.00851
R0,1.11192,0.03202,1.05423,1.16834,1.01423
