,mean,sd,hdi_3%,hdi_97%,r_hat
beta,0.29431,0.02691,0.24574,0.34364,1.00382
gamma,0.076,0.02334,0.03659,0.12028,1.00275
rho,0.03939,0.01203,0.01961,0.06175,1.00129
i0,254.09539,81.89264,121.8196,412.39462,1.00106
R0,2.63016,0.37053,1.98603,3.34631,1.00262
