,mean,sd,hdi_3%,hdi_97%,r_hat
beta,0.46862,0.13449,0.23354,0.72495,1.00012
gamma,0.07645,0.02353,0.03498,0.11953,1.00008
rho,0.03481,0.00701,0.02269,0.04838,1.00015
i0,33.87876,44.17593,0.003,106.10207,1.00052
R0,4.3978,1.55889,1.71884,7.29579,1.00018
