,mean,sd,hdi_3%,hdi_97%,r_hat
beta,0.22081,0.01673,0.19409,0.25207,1.02828
gamma,0.06657,0.01856,0.03871,0.1044,1.01325
rho,0.04051,0.0086,0.02356,0.05579,1.02864
i0,6733.7184,80.74708,6588.0,6878.0,1.01705
R0,3.49286,0.70086,2.30255,4.72414,1.01092
