,mean,sd,hdi_3%,hdi_97%,r_hat
beta,0.35999,0.08645,0.22537,0.51173,1.00318
gamma,0.30619,0.08851,0.16611,0.46116,1.00335
rho,0.0435,0.009,0.02586,0.06017,1.00264
i0,6745.574,81.07385,6584.0,6892.0,1.00669
R0,1.19093,0.06127,1.08842,1.30878,1.00288
