,mean,sd,hdi_3%,hdi_97%,r_hat
beta,0.40823,0.05064,0.31932,0.50621,1.00363
gamma,0.07444,0.02416,0.03632,0.11849,1.00213
rho,0.03873,0.01183,0.01934,0.06134,1.00284
i0,293.42337,123.13281,89.80915,519.62277,1.00319
R0,3.74276,0.73211,2.47791,5.16018,1.00202
