,mean,sd,hdi_3%,hdi_97%,r_hat
beta,0.23682,0.01658,0.20832,0.26908,1.00311
gamma,0.07692,0.01555,0.0493,0.10609,1.00215
rho,0.03657,0.00957,0.01737,0.05355,1.00212
i0,1270.15382,500.30118,538.51851,2124.29247,1.00169
R0,2.12253,0.24855,1.70339,2.59231,1.00339
