,mean,sd,hdi_3%,hdi_97%,r_hat
β,0.23563,0.03884,0.16148,0.31084,1.00168
γ,0.07192,0.02184,0.03324,0.11095,1.00074
ρ,0.03085,0.00949,0.01533,0.04919,1.00061
i0,5268.80033,2310.17298,1587.08392,9566.55922,1.00069
R0,2.36246,0.44407,1.59405,3.21064,1.00056
