,mean,sd,hdi_3%,hdi_97%,r_hat
beta,0.18076,0.01755,0.15387,0.2113,1.00433
gamma,0.06707,0.01908,0.03634,0.10156,1.0039
rho,0.04022,0.00882,0.02341,0.05628,1.00344
i0,859.4888,29.25671,805.0,913.0,1.03297
R0,71.76468,11.36923,52.56169,92.63008,1.00123
