,mean,sd,hdi_3%,hdi_97%,r_hat
beta,0.32311,0.03782,0.25319,0.3934,1.00185
gamma,0.07865,0.02458,0.03658,0.12441,1.00109
rho,0.03628,0.00737,0.02311,0.04988,1.00124
i0,226.43769,112.73169,27.91226,417.12179,1.00207
R0,2.90108,0.50564,2.0692,3.89401,1.00074
