,mean,sd,hdi_3%,hdi_97%,r_hat
beta,0.14207,0.01932,0.11425,0.17694,1.00445
gamma,0.0262,0.01788,0.00532,0.05731,1.0058
rho,0.04501,0.0096,0.0265,0.06212,1.0014
i0,6743.065,80.80872,6594.0,6894.0,1.00255
R0,2.09716,0.4793,1.343,2.95866,1.00199
