,mean,sd,hdi_3%,hdi_97%,r_hat
beta,0.68094,0.14123,0.44429,0.94749,1.01258
gamma,0.63785,0.14175,0.39062,0.89774,1.01252
rho,0.04504,0.00907,0.02784,0.06154,1.01139
i0,6753.3358,81.39708,6590.0,6904.0,1.0108
R0,1.0709,0.01638,1.04137,1.10146,1.01147
