,mean,sd,hdi_3%,hdi_97%,r_hat
beta,0.23018,0.0299,0.18386,0.28172,1.00661
gamma,0.03149,0.02612,0.00506,0.07541,1.0066
rho,0.04499,0.00967,0.02658,0.06294,1.00466
i0,6747.65,82.49683,6591.0,6898.0,1.00257
R0,3.25153,0.89873,1.70563,4.81486,1.0026
