,mean,sd,hdi_3%,hdi_97%,r_hat
β,0.39627,0.03426,0.33413,0.46164,1.00254
γ,0.12567,0.01288,0.10288,0.14978,1.00114
ρ,0.08697,0.02588,0.04037,0.13264,1.00262
i0,191.94393,81.99487,62.96466,340.14981,1.00141
R0,1.87865,0.14411,1.62816,2.15528,1.00233
