,mean,sd,hdi_3%,hdi_97%,r_hat
β,0.13346,0.02506,0.08842,0.18034,1.26731
γ,0.12954,0.01315,0.10558,0.15417,1.00435
ρ,0.03646,0.01118,0.01654,0.05617,1.01072
i0,20846.72217,6787.236,9469.46073,33450.52475,1.0055
R0,0.80411,0.1305,0.60717,1.03034,1.43943
