,mean,sd,hdi_3%,hdi_97%,r_hat
β,0.21477,0.0199,0.17713,0.25164,1.00234
γ,0.12649,0.01265,0.10246,0.14974,1.00225
ρ,0.04308,0.01341,0.02112,0.06851,1.00558
i0,13304.19985,4440.14157,6099.81497,21329.49367,1.00535
R0,1.26973,0.06345,1.14815,1.38518,1.00014
