,mean,sd,hdi_3%,hdi_97%,r_hat
β,0.24752,0.15319,0.09186,0.56385,1.31488
γ,0.1287,0.01264,0.10346,0.14925,1.10424
ρ,0.00212,0.00066,0.0011,0.00339,1.06582
i0,58463.95832,76871.44429,0.01234,192480.56631,1.74909
R0,1.9249,1.24147,0.77446,4.49852,1.3204
